31.100,35.500
35.683,35.800
38.000,58.200
36.400,25.400
31.500,35.300
35.500,25.500
35.683,35.800
32.000,35.500
29.600,35.000
33.000,35.500
33.270,35.220
37.000,22.500
33.560,35.370
37.900,23.500
39.700,23.300
37.000,22.500
38.900,22.700
35.500,51.800
38.250,22.250
35.000,25.000
40.000,25.000
23.000,71.000
38.500,22.500
41.000,27.000
42.700,77.500
36.300,28.300
29.200,25.500
36.200,-7.170
44.300,8.500
36.000,-10.500
36.404,25.396
35.400,103.900
33.800,105.600
36.300,119.000
45.200,36.600
36.000,-10.000
41.300,19.500
43.500,28.500
43.000,41.000
34.900,104.700
31.200,34.200
32.000,35.500
25.700,32.700
28.800,104.600
35.000,33.000
35.200,34.000
38.000,58.300
37.800,27.400
37.850,27.300
38.200,22.200
33.000,72.000
35.900,126.500
40.500,28.900
31.200,34.200
33.000,112.500
37.000,68.500
41.000,24.300
36.100,36.100
35.000,25.000
41.200,19.300
37.900,29.200
35.200,25.100
40.700,14.500
34.800,32.000
40.821,14.426
35.900,126.500
40.600,26.700
35.800,129.200
39.500,27.000
40.000,34.000
36.100,36.100
40.770,29.920
35.800,129.200
34.700,105.400
35.800,103.500
36.700,28.000
34.700,105.300
36.500,28.500
39.000,24.500
37.500,120.000
38.000,15.000
38.600,26.650
39.400,99.500
45.300,11.000
35.500,25.500
39.100,27.200
41.900,12.450
36.600,30.000
32.600,116.800
40.300,116.000
35.500,129.100
33.200,35.100
31.700,35.500
34.100,105.300
40.500,14.500
41.200,19.300
36.100,36.100
36.200,36.100
41.300,19.500
36.200,36.100
40.500,14.500
35.400,114.300
40.300,26.500
41.400,19.400
33.900,35.500
41.000,30.000
40.700,29.700
40.770,29.900
41.600,21.500
31.300,35.600
41.000,29.500
35.000,23.000
40.700,29.700
40.000,29.000
40.500,29.600
41.100,14.800
36.000,-10.830
36.100,36.100
36.100,36.100
41.000,29.000
37.067,10.067
31.200,34.200
31.900,34.900
40.500,46.500
35.500,25.500
41.000,29.000
40.900,28.500
35.000,25.000
40.400,28.400
36.200,36.100
36.200,36.100
20.300,100.000
44.400,4.300
41.000,29.000
40.800,29.200
34.300,35.500
32.100,118.800
42.700,76.500
39.000,125.300
35.500,129.100
39.400,113.300
42.000,21.400
39.600,21.200
41.200,19.300
36.200,36.100
36.250,36.100
40.100,20.800
36.250,36.100
36.200,37.200
40.300,27.800
38.400,22.300
33.900,35.500
36.100,37.100
33.900,35.500
36.500,27.500
41.040,28.980
36.100,36.100
40.900,27.600
40.900,27.600
40.900,28.800
43.600,13.500
36.200,36.100
45.600,15.300
36.000,36.000
36.100,36.100
36.250,36.100
34.300,108.900
41.000,15.000
38.000,46.200
36.100,111.500
35.300,54.000
35.500,129.100
35.000,43.500
32.500,134.000
38.400,27.200
35.700,135.400
33.800,136.700
36.000,36.000
40.400,28.900
36.000,36.000
34.600,105.600
39.700,45.500
40.700,29.300
35.000,38.000
35.300,52.200
42.100,48.200
32.400,130.500
35.500,136.900
34.600,135.300
32.000,35.500
33.500,36.300
35.000,43.500
31.200,34.200
33.300,59.300
31.600,130.700
37.800,115.200
28.100,111.400
45.400,12.200
35.500,129.100
32.500,109.400
45.500,11.000
35.000,25.000
41.900,12.600
45.400,11.900
36.950,35.600
56.300,-2.800
27.900,102.200
36.800,66.200
35.200,139.300
37.400,112.600
36.000,36.000
40.400,71.300
49.500,-2.500
33.500,36.300
36.200,43.100
36.100,36.100
41.600,14.200
33.500,36.300
36.210,42.080
35.300,51.200
39.000,139.900
40.000,44.600
41.500,14.500
35.700,10.100
40.000,45.000
50.100,3.100
35.300,51.200
40.000,44.600
36.800,10.200
36.200,54.300
37.900,22.900
40.000,44.600
38.000,46.200
36.000,36.000
33.000,44.500
35.300,51.200
40.000,44.600
37.100,138.000
38.000,46.200
35.300,51.200
41.000,29.000
38.500,143.800
33.200,47.200
37.800,105.900
30.000,-6.000
30.000,31.100
37.500,138.100
33.000,135.300
38.300,48.300
40.000,44.600
45.300,11.000
41.700,22.900
41.900,12.600
35.300,51.200
33.200,44.200
34.600,47.800
33.800,136.700
39.700,64.500
36.000,51.700
38.000,58.300
36.100,37.100
38.000,58.300
34.900,48.400
34.800,44.800
35.700,51.400
35.300,51.200
33.200,44.200
38.000,15.000
36.100,36.100
27.400,52.200
27.700,52.300
41.100,14.800
36.200,43.100
41.100,14.800
33.500,36.300
29.000,112.000
31.800,119.900
46.000,14.500
35.000,110.000
34.300,109.000
45.300,11.000
47.000,6.000
40.500,43.300
33.200,44.200
27.665,52.348
41.000,29.500
64.000,-21.000
47.500,7.600
39.800,113.100
34.800,131.800
33.000,35.000
37.600,126.300
32.000,119.000
38.400,112.900
38.400,27.300
35.700,10.000
38.000,46.200
38.100,46.300
39.700,39.500
40.500,43.500
36.000,58.800
30.600,50.300
39.700,116.300
34.300,44.700
34.300,35.500
40.400,28.900
40.700,29.700
38.100,15.100
35.000,58.000
34.000,58.000
23.600,116.500
29.500,34.950
38.500,116.100
30.000,31.100
14.200,43.300
35.000,38.000
40.500,28.500
31.000,49.000
39.900,41.100
34.000,44.000
37.000,15.300
41.400,43.200
40.500,143.000
34.300,38.200
36.100,36.100
34.000,137.500
33.000,135.500
36.000,59.000
37.500,112.600
35.000,62.100
36.200,36.100
36.200,36.100
38.500,43.400
37.500,38.500
42.420,12.100
36.100,36.100
26.400,55.500
36.100,36.100
36.800,39.000
45.500,11.000
44.800,11.300
36.200,50.000
36.100,103.700
41.100,14.800
36.200,43.100
33.200,44.200
36.300,43.100
37.300,15.100
40.300,46.300
38.500,106.300
33.200,44.400
38.700,-9.100
32.600,36.700
39.800,20.100
45.800,8.100
34.500,36.500
36.200,37.200
35.100,36.300
38.400,38.350
32.000,35.500
64.300,-20.000
37.300,15.030
36.200,37.200
34.400,35.800
38.000,15.000
35.300,51.200
37.500,65.500
36.300,50.000
36.100,36.100
41.100,15.100
64.000,-21.000
32.600,36.700
34.500,36.500
39.300,16.200
46.400,15.300
33.500,36.000
27.100,118.400
36.300,57.600
42.000,60.000
36.000,111.800
36.000,58.800
30.500,31.300
36.000,106.200
34.500,33.000
45.550,10.220
41.600,15.900
38.500,106.300
43.600,5.300
41.000,28.600
41.500,13.800
45.300,12.200
41.300,19.500
34.200,58.400
41.200,19.300
35.200,139.400
41.000,13.000
27.700,85.300
35.200,139.500
39.000,144.000
38.000,12.500
36.000,58.800
39.750,39.500
38.000,46.200
41.300,19.700
40.600,15.800
42.100,44.200
35.100,-6.100
45.300,11.000
44.200,12.000
36.100,58.500
44.100,15.200
44.100,15.200
36.100,58.800
41.700,43.200
33.300,36.200
47.400,2.500
40.000,116.500
48.600,7.800
41.500,119.300
29.400,52.300
36.100,111.500
32.000,34.900
35.200,139.400
46.900,9.500
46.900,9.500
42.400,12.900
44.100,15.200
36.800,56.000
42.400,12.900
36.200,53.400
34.000,26.000
36.300,111.700
38.500,45.500
39.800,113.100
35.900,106.100
26.600,56.200
35.500,25.500
31.200,112.200
35.600,46.000
36.500,113.800
39.100,44.500
41.500,13.800
36.000,-10.700
45.200,14.700
30.100,102.700
42.800,13.000
37.734,15.004
33.700,135.200
26.600,56.200
34.700,59.700
40.400,115.700
34.300,35.500
29.000,111.300
44.300,34.300
41.000,139.500
33.500,36.300
44.000,15.000
34.900,105.800
32.600,51.700
40.800,28.800
38.000,-9.000
43.800,11.300
47.500,7.600
36.900,118.200
46.400,13.500
42.300,13.500
43.000,43.000
37.300,113.000
35.600,105.300
43.500,12.100
40.800,27.000
35.100,36.400
36.800,-9.000
47.400,7.600
14.100,43.200
36.800,3.000
33.400,136.200
26.800,55.900
40.300,15.600
33.000,135.000
28.800,115.300
36.800,3.000
37.300,49.700
37.600,112.500
32.000,118.800
42.100,-.300
46.900,8.400
12.400,45.100
41.100,20.100
35.300,51.200
39.200,26.200
39.300,26.300
37.600,126.300
44.200,17.700
44.100,15.200
12.400,45.100
36.200,58.500
36.100,58.500
36.200,58.800
38.500,26.500
39.800,64.400
44.100,15.200
47.400,7.200
44.100,15.200
27.700,54.300
36.500,49.000
35.000,37.000
33.700,136.500
36.100,37.100
36.000,58.800
34.400,138.400
36.000,36.000
33.800,136.900
36.200,36.100
43.500,12.100
41.000,15.000
43.900,15.600
40.900,28.900
14.100,43.200
41.700,2.200
43.400,4.400
37.200,-3.600
34.900,139.500
36.200,103.300
28.300,53.100
38.000,46.200
38.300,43.200
48.500,19.100
43.200,27.900
38.700,42.200
24.500,117.600
41.900,12.600
37.500,138.200
42.600,18.100
47.500,7.600
47.500,7.600
35.900,126.500
42.200,20.700
39.800,39.500
40.400,14.500
31.200,34.200
31.200,34.200
39.900,40.400
46.300,16.300
42.300,13.400
42.300,13.500
14.100,43.200
37.300,-5.600
38.500,20.500
42.600,18.100
-16.300,-71.000
42.600,75.200
27.500,101.600
43.000,17.600
36.000,28.000
26.500,99.900
42.000,15.900
36.000,28.000
36.000,28.000
42.600,18.100
26.100,56.900
39.900,40.400
24.900,57.900
36.200,27.500
40.500,116.500
37.000,49.000
36.900,49.900
34.400,108.900
31.700,103.900
39.400,67.100
36.500,27.000
54.000,-9.000
36.900,27.000
33.000,59.800
36.800,27.000
25.500,103.800
43.800,7.000
43.400,7.100
35.500,25.500
37.600,105.600
35.100,139.500
43.500,16.100
34.400,137.700
9.900,-62.300
34.000,138.100
33.500,135.200
25.000,103.000
24.900,103.100
34.800,110.100
35.500,25.000
45.800,16.100
35.700,115.300
18.300,-69.500
46.800,10.200
37.300,-5.400
42.600,18.100
34.500,69.200
35.200,110.900
45.900,14.200
24.600,102.500
35.200,25.100
38.100,15.700
31.500,121.500
40.800,28.100
46.400,14.100
41.700,26.600
48.800,10.500
34.600,135.400
34.500,137.600
46.100,14.500
46.200,13.433
46.100,13.400
26.600,100.000
25.000,98.500
46.400,9.000
-17.200,-72.300
37.800,21.000
25.100,99.100
26.600,100.200
25.700,100.200
42.600,18.100
42.600,18.100
45.700,26.600
24.100,102.600
38.000,125.000
37.200,-1.500
25.300,100.300
33.600,136.300
-40.000,-74.000
36.900,-2.500
19.200,-96.400
17.000,73.200
38.000,46.200
42.600,18.100
10.500,-64.200
38.700,-9.100
30.700,117.500
25.800,116.400
28.100,102.100
40.600,14.100
19.200,-99.100
23.600,102.800
16.200,-88.500
10.800,-64.200
19.200,-99.100
44.070,11.300
37.070,15.300
-19.000,-70.500
10.500,-64.200
34.800,139.000
37.200,111.700
32.000,35.500
38.700,-27.300
33.500,59.100
38.000,46.000
40.700,15.100
38.700,-9.100
25.800,105.200
-16.600,-71.300
35.800,128.800
-11.900,-77.600
42.800,22.800
34.500,109.700
46.900,13.700
41.000,29.000
41.000,29.000
-.200,-78.600
24.900,103.200
24.200,102.700
37.500,106.200
40.500,14.700
38.000,112.000
40.500,15.500
-38.700,-73.500
42.400,18.800
19.100,-70.300
44.017,7.283
14.600,-90.700
14.600,-90.700
3.000,-77.300
27.700,54.300
39.000,119.000
34.400,109.000
20.200,-103.500
-36.750,-73.000
45.300,11.400
24.100,102.700
34.400,104.000
19.200,-104.000
46.200,6.200
45.100,14.800
34.000,51.400
-.200,-78.600
-39.800,-73.200
25.000,98.600
-12.500,-77.000
25.100,99.900
35.300,-2.970
51.019,1.309
-14.100,-71.500
-16.600,-71.600
-12.200,-77.600
40.600,14.100
46.200,7.000
46.200,7.000
46.300,7.000
-11.800,-77.800
35.000,136.800
25.300,100.300
-12.300,-77.700
14.553,-90.735
-5.300,-80.500
-.220,-78.500
37.100,-8.000
24.000,102.800
29.400,52.300
34.800,138.200
37.900,-4.800
35.400,103.900
45.000,14.900
-.500,-78.200
45.900,16.300
48.300,15.500
-17.200,-72.900
37.783,-25.500
47.100,.100
-14.000,-76.000
33.300,131.700
38.800,-9.400
33.300,131.600
38.800,-9.400
14.600,121.000
-16.800,-70.900
-16.600,-70.800
23.500,117.200
14.600,121.000
14.600,121.000
46.800,8.500
35.100,140.500
18.000,-92.500
17.000,-96.300
-17.880,-70.940
25.000,119.500
-29.900,-71.300
35.500,25.500
33.000,134.900
33.500,138.500
19.900,110.500
23.600,102.800
17.000,-96.300
36.400,50.500
42.400,18.700
42.400,18.700
42.400,18.500
39.200,99.000
-11.900,-77.400
38.600,16.300
8.300,-71.800
47.500,7.500
17.000,122.000
19.500,-99.100
21.500,111.300
19.500,-99.100
37.500,140.000
39.000,144.500
35.100,58.900
38.800,20.800
35.500,25.500
37.200,127.000
38.117,14.783
35.300,25.100
38.400,-27.000
38.400,-24.100
37.200,112.500
37.500,138.000
44.900,35.500
35.700,139.700
18.500,-70.000
-18.500,-70.350
46.800,8.400
38.100,142.000
39.000,144.500
36.100,37.100
37.000,111.900
18.900,72.900
43.600,7.300
46.300,9.500
35.000,58.000
17.000,-96.300
-7.941,-79.038
32.500,130.600
18.200,121.600
52.300,14.600
10.800,122.500
40.900,71.400
39.500,116.700
8.600,-79.300
37.500,21.000
23.000,-103.000
46.800,10.300
46.800,10.300
36.500,106.300
44.600,11.800
34.000,-4.600
38.800,20.800
38.800,16.400
39.400,114.200
40.400,14.100
37.500,105.500
-.200,-78.500
41.733,15.350
18.400,121.600
46.000,15.500
40.600,114.200
13.200,123.700
36.000,25.000
-4.600,129.900
53.600,12.300
32.600,104.100
38.700,20.600
-12.200,-77.500
-4.600,129.900
11.200,41.700
35.300,104.300
35.500,107.800
29.300,111.700
40.821,14.426
42.400,18.400
35.200,139.200
-41.800,-73.800
37.500,21.000
38.000,46.200
34.100,105.300
30.700,115.100
35.100,107.600
38.100,20.300
38.100,20.300
5.100,-2.200
7.600,123.700
39.033,16.283
39.250,16.750
36.200,50.000
42.500,18.100
42.600,13.300
-30.000,-71.400
38.200,46.300
-1.700,-78.600
50.800,5.700
38.570,16.530
42.070,140.680
23.000,117.000
45.900,15.500
18.200,121.700
-1.500,-78.500
38.000,46.100
10.900,-66.700
23.500,116.500
42.300,22.700
35.100,111.100
35.200,140.600
35.500,129.500
7.500,-72.500
43.000,8.000
7.600,-73.000
39.400,140.100
-1.700,-78.600
14.400,121.000
14.400,121.000
38.300,43.200
43.550,10.317
41.040,28.980
41.900,15.800
37.700,141.700
-15.500,-75.000
-33.400,-70.600
36.000,140.000
38.300,43.200
45.000,14.900
12.500,-86.800
15.000,121.000
38.183,15.550
35.500,140.000
35.500,126.000
38.000,46.200
-13.500,-72.000
36.400,25.400
42.100,47.700
25.400,100.500
38.200,28.200
13.100,121.600
34.300,105.500
41.400,13.600
40.100,3.600
-12.100,-76.600
35.000,25.000
-12.300,-77.600
34.400,35.850
-12.500,-77.000
47.100,.600
-36.830,-73.030
31.500,103.600
-33.500,-70.700
-3.000,128.000
-12.400,-76.800
39.400,115.700
-8.100,-79.000
38.000,21.000
14.400,120.600
37.500,140.000
38.700,16.300
-6.920,129.125
38.400,22.400
43.100,.200
-.200,-78.500
44.630,10.930
35.300,-2.970
23.000,120.200
44.100,12.000
-.200,-78.400
17.000,-96.300
35.500,136.000
31.700,132.000
35.000,25.000
47.600,-70.100
12.400,-86.600
-14.100,-75.800
35.500,127.100
38.700,112.700
38.100,46.300
35.000,25.000
35.400,52.000
14.600,121.000
37.000,138.000
35.000,136.800
36.000,42.500
37.200,50.000
42.600,18.100
18.800,-98.000
37.200,57.500
38.400,27.100
40.600,48.600
18.300,-77.500
25.000,125.500
38.000,46.200
42.350,-71.050
24.000,68.000
38.400,27.100
35.300,118.600
38.000,126.000
40.600,48.600
37.600,15.000
47.200,11.400
33.000,122.500
35.900,126.500
35.500,141.000
27.500,53.600
40.600,48.600
33.400,134.700
43.933,12.583
40.000,26.000
36.500,25.500
18.300,-69.500
1.375,127.520
-3.000,128.000
36.300,59.300
1.375,127.520
39.500,20.000
-3.750,127.750
-3.700,128.200
-1.700,-79.000
13.000,121.000
34.500,132.000
40.000,144.000
33.400,104.800
35.000,141.500
14.500,120.500
17.600,-76.500
37.100,50.000
20.000,-75.500
34.200,58.400
-9.000,-79.000
38.600,142.000
40.100,44.700
40.000,117.000
13.300,43.300
31.400,119.500
25.000,101.500
34.600,137.600
36.500,-4.400
-18.500,-70.350
37.500,129.500
48.000,6.500
20.000,-75.500
17.000,-96.300
38.700,112.700
27.700,54.300
40.100,44.300
19.000,-71.000
18.300,-77.500
36.200,59.400
-32.800,-70.700
-13.500,-76.500
-1.300,-78.600
40.380,16.550
17.917,-76.867
17.600,-76.500
44.400,12.000
24.000,68.000
41.170,14.750
26.500,99.900
38.400,26.900
38.400,26.900
43.700,44.700
-2.200,-78.900
47.700,10.900
17.500,-61.500
46.600,13.800
18.300,-70.400
17.800,-76.700
-25.400,-64.800
40.100,44.300
37.333,15.167
23.100,-82.400
25.000,121.500
40.000,139.500
40.700,15.700
45.400,12.200
36.000,111.500
42.500,12.100
39.300,44.600
37.800,21.000
16.700,-99.200
-1.200,-78.700
-1.300,-78.700
33.300,131.700
45.600,15.300
-12.100,-76.600
14.400,120.600
45.000,-125.000
34.200,129.300
36.500,126.500
18.300,-72.400
16.500,-97.000
41.100,14.500
14.400,-61.000
42.780,13.100
42.467,13.200
26.600,56.200
44.400,8.917
35.000,140.000
26.400,55.500
41.000,139.500
38.000,116.500
34.900,106.800
38.800,20.800
-18.600,-70.200
63.900,-21.200
41.600,14.600
-13.000,-72.000
34.100,137.800
33.200,134.800
40.400,43.000
34.000,137.000
43.800,5.800
-3.690,128.150
37.400,105.300
-4.530,129.900
27.800,111.300
35.500,133.000
19.200,-103.700
-4.000,129.000
47.000,.100
34.300,134.000
25.400,103.200
32.000,103.700
36.500,138.000
17.000,-96.300
38.200,21.700
21.850,95.967
38.250,21.730
38.700,43.900
-17.300,-70.800
33.300,131.700
38.300,43.200
36.800,3.000
-17.200,-71.200
-13.700,-76.000
29.000,-114.000
36.800,3.000
14.002,120.993
41.200,80.300
39.000,142.700
44.100,15.200
18.300,-66.400
35.000,105.200
40.800,29.400
31.400,-8.000
40.400,115.500
29.000,77.500
38.218,-26.635
20.300,120.300
38.200,-26.600
47.400,9.500
23.000,120.300
45.300,14.400
18.000,121.500
37.900,46.700
23.000,120.200
38.700,20.600
-6.174,106.829
37.200,-7.600
38.500,20.500
-9.000,-79.000
-16.400,-70.800
25.100,103.100
56.500,118.500
-16.600,-72.700
30.100,101.900
36.300,136.000
38.100,13.350
19.200,-99.100
39.500,127.300
37.500,13.000
14.400,-61.000
38.000,46.300
14.400,121.000
37.500,137.000
44.000,10.100
42.800,13.000
38.500,-28.000
-32.500,-71.500
40.000,116.200
36.200,142.200
14.100,121.400
41.500,15.500
37.900,140.600
23.000,-102.000
30.300,-9.400
16.800,-99.900
41.080,15.150
35.200,140.800
26.200,103.100
15.700,39.000
2.600,-76.500
15.800,121.700
23.100,120.300
-.900,-78.600
51.100,158.000
55.500,163.000
50.000,157.000
-43.000,-74.000
33.200,104.200
36.800,24.400
33.300,96.600
38.900,106.500
44.000,21.300
-14.100,-73.200
19.200,-104.000
39.300,-31.100
40.700,142.300
17.000,-96.300
45.100,19.800
43.200,12.600
38.500,20.500
37.800,21.000
-36.800,-73.000
53.300,104.000
37.800,21.000
50.500,157.000
14.000,121.600
39.000,20.300
11.200,124.300
4.500,-73.800
17.000,121.000
-11.996,-77.198
-13.900,-70.350
13.600,123.200
30.100,101.900
39.000,-.650
32.900,103.600
38.300,22.100
30.400,101.600
36.400,106.100
14.002,120.993
20.700,-103.300
43.200,.800
36.200,23.000
24.700,102.900
42.100,24.800
46.000,12.250
20.700,-103.300
18.500,93.400
10.500,-64.200
2.500,-76.500
37.200,138.100
-36.830,-71.630
26.500,99.900
37.800,27.000
43.200,12.800
19.000,-70.000
18.500,-72.300
18.500,-70.700
43.800,9.000
18.500,-72.300
40.400,-8.700
35.000,36.000
37.800,21.000
31.200,34.200
14.002,120.993
-3.500,128.500
16.800,-99.200
30.800,31.000
-3.500,128.500
24.700,102.200
23.800,102.700
42.500,21.900
-.200,-78.500
34.000,51.500
37.000,-10.000
42.700,-70.300
34.080,-5.000
46.300,8.000
38.700,-9.000
-.900,-78.600
34.000,-6.800
45.800,17.400
38.650,-28.080
39.300,16.200
49.920,-6.320
37.000,15.000
-6.000,107.000
36.800,10.200
37.000,-26.000
44.900,7.300
38.000,20.500
41.000,24.000
19.500,-102.300
33.000,35.500
33.300,35.700
20.000,-75.500
34.500,-13.000
24.400,102.500
24.400,102.500
50.000,90.000
22.000,92.000
38.100,138.700
40.500,143.500
41.000,142.500
40.700,142.000
47.700,18.200
-6.000,130.000
24.300,102.800
15.910,-85.960
38.700,-9.200
13.700,-89.200
34.800,105.000
-33.050,-71.617
40.900,140.700
41.000,29.000
27.700,54.300
19.900,-76.100
3.700,-76.300
38.000,20.500
14.400,-61.100
10.470,-64.170
14.700,-89.500
14.400,-61.000
38.200,20.200
39.300,16.200
14.200,121.000
22.200,113.550
-4.850,152.800
26.200,127.500
44.000,12.000
44.100,15.200
33.000,44.500
29.400,52.300
32.300,132.000
38.800,20.800
51.800,105.500
46.900,9.500
38.717,20.650
38.600,142.000
18.500,-73.400
24.600,99.900
14.600,120.980
-5.000,102.000
14.200,121.000
24.000,124.300
17.600,-76.500
39.500,20.000
39.300,142.700
44.400,4.800
35.800,-5.830
14.600,-90.700
14.600,-90.700
46.900,8.700
47.000,-55.000
4.900,-52.300
19.900,-76.000
19.000,-72.400
-3.700,128.200
46.000,15.900
19.000,-72.400
9.200,-70.300
19.000,-70.400
16.700,-99.200
23.500,120.600
20.300,-103.700
35.500,-5.400
33.600,51.300
38.500,27.000
33.900,51.300
38.000,46.700
38.000,46.200
45.300,151.200
42.400,18.800
18.200,-78.100
35.000,25.800
43.600,13.500
18.100,-77.300
36.300,43.100
24.500,120.500
35.100,139.700
38.900,17.100
38.300,15.967
38.217,15.633
38.583,16.200
38.200,15.550
38.767,16.300
38.700,30.700
38.783,16.467
38.300,16.300
19.300,-70.400
38.317,16.400
38.167,15.633
16.900,-99.900
17.000,-96.300
-16.500,-72.000
39.700,39.500
18.500,-72.300
63.800,-20.500
40.900,.300
38.200,21.700
39.900,98.000
4.600,-74.000
39.700,19.800
38.200,15.200
29.800,102.100
44.000,80.800
8.500,-71.200
16.500,-98.500
15.500,-97.000
18.300,-66.400
18.000,-66.400
10.800,122.500
10.700,122.500
18.470,-77.920
57.000,-153.000
55.000,-161.000
14.000,-61.000
7.600,1.700
24.200,102.800
43.500,12.200
34.600,110.300
35.700,-.600
54.000,162.000
24.500,117.700
56.000,163.000
34.500,135.400
38.500,16.100
37.500,20.300
35.800,21.000
38.000,46.200
14.600,-91.500
35.300,-2.970
32.800,130.300
43.500,140.600
23.600,120.500
54.000,162.000
31.000,101.500
57.000,-152.000
40.850,139.950
38.500,144.000
19.000,-72.300
30.600,101.500
39.300,-31.100
34.000,51.400
10.470,-64.170
9.300,-13.400
17.000,-96.300
10.700,-61.700
7.400,-72.700
35.200,35.800
40.500,13.900
-27.350,-70.350
16.000,119.500
-1.640,-78.670
.001,99.000
10.600,-64.100
10.200,-82.900
43.500,11.200
36.200,23.000
-27.350,-70.350
46.900,-2.000
36.600,136.600
43.100,13.000
43.100,13.100
23.800,102.400
7.500,-73.500
39.400,67.200
-12.000,-77.000
19.200,-99.100
36.200,53.300
28.100,-17.100
17.000,-96.300
46.900,8.600
17.200,-62.400
45.500,10.000
10.300,-64.500
-3.700,128.200
45.700,26.600
36.500,2.900
37.700,138.300
25.600,100.600
27.500,77.500
38.300,21.800
36.833,-2.833
38.200,21.800
39.050,139.950
36.900,-2.400
10.500,-64.200
5.300,-74.600
41.200,14.700
36.300,52.400
34.400,-119.700
18.900,-103.800
41.700,12.700
-12.100,-77.100
44.833,7.250
35.300,-2.970
33.900,134.800
36.300,53.300
36.200,50.000
-.217,-78.500
-33.880,18.450
36.300,53.000
14.000,143.300
35.500,25.000
28.200,-16.600
39.900,139.900
23.800,-82.200
41.800,45.200
25.200,121.300
31.700,100.300
13.100,123.900
-33.080,-71.670
35.600,-90.400
35.600,-90.400
36.300,-89.600
36.500,-89.600
43.700,83.000
41.900,12.450
43.700,5.700
10.600,-66.900
43.300,5.366
18.000,-76.800
35.400,139.600
34.370,-117.650
34.200,-119.900
-14.100,-75.400
29.600,52.600
13.100,123.900
35.800,114.400
43.200,.400
23.700,102.500
-10.217,123.633
-3.700,128.400
17.000,-96.300
25.200,121.200
34.800,111.200
-8.000,115.000
35.000,25.750
38.800,20.500
5.000,96.500
15.500,-91.500
31.400,100.700
39.950,-75.100
45.900,6.800
38.250,22.250
37.600,15.000
43.917,8.033
-4.000,101.500
19.100,-103.600
42.800,23.300
19.200,-99.100
37.800,14.000
-7.000,117.000
36.100,102.300
35.070,.020
-27.400,-70.300
-27.400,-70.300
-27.000,-71.500
42.500,11.800
23.000,71.000
66.416,12.850
54.520,-164.650
38.800,20.500
17.200,-99.600
34.100,113.800
29.600,52.500
37.750,21.250
-7.000,119.000
10.500,-64.200
-4.500,11.600
36.500,53.500
37.800,21.200
35.300,-2.970
-15.950,-5.700
-16.107,-72.967
45.700,26.600
10.100,-83.300
33.000,104.600
36.000,36.000
36.000,36.000
-33.000,-72.000
-33.050,-71.630
12.100,-64.100
38.100,14.700
42.700,-79.000
39.750,20.750
10.500,-63.800
36.300,53.300
-6.500,108.500
42.700,18.200
14.400,-61.100
29.600,52.500
18.000,-76.500
29.700,51.600
29.800,52.400
16.700,-62.200
13.700,121.700
14.250,121.250
14.400,-61.000
38.750,20.750
11.100,-74.100
36.400,2.800
14.000,143.300
10.400,-61.300
29.600,52.500
36.100,52.600
27.070,142.210
4.600,-73.900
20.000,-75.500
-45.800,166.500
34.900,111.100
40.700,36.600
53.000,158.500
31.600,74.300
1.800,-76.400
14.400,-61.000
40.700,13.900
-12.130,-77.809
32.600,129.900
34.200,74.500
40.700,48.400
14.550,120.900
37.500,139.500
-7.000,119.000
51.400,104.100
38.200,-.900
41.200,24.500
41.200,24.500
-33.050,-71.630
33.200,117.900
36.600,118.500
44.200,26.100
14.550,120.900
17.000,-96.300
43.500,47.500
43.000,47.000
36.400,54.300
35.700,52.100
36.400,114.200
35.000,136.000
14.550,120.900
37.800,27.000
43.800,7.800
13.100,-59.617
38.100,15.700
32.800,116.800
-18.500,-71.000
12.400,-61.500
-38.700,178.000
42.900,12.600
36.500,71.000
39.000,17.000
40.400,19.900
16.800,-99.900
-28.500,-71.300
29.400,80.100
28.300,85.500
25.200,103.000
-18.251,-71.010
-2.500,100.500
38.900,139.150
1.200,-77.000
43.300,141.400
44.300,9.400
1.400,-77.100
16.800,-99.900
24.900,103.000
11.000,-74.200
31.300,35.600
14.000,143.300
8.800,-70.900
-6.700,107.000
47.600,22.300
33.000,97.000
28.600,87.100
-36.830,-73.030
46.700,7.800
37.900,141.900
38.500,35.500
39.300,16.300
-3.700,128.200
-8.300,118.700
39.600,16.600
38.000,-122.000
-22.600,-70.300
40.100,15.800
-8.300,118.700
33.000,35.500
44.200,10.500
18.200,-64.500
16.860,-99.880
10.300,-66.600
34.600,103.700
5.500,96.000
19.450,-99.150
-42.500,-74.000
20.000,-105.000
-8.500,118.500
45.700,26.600
-36.700,-73.100
37.600,-122.400
32.000,34.500
21.800,96.000
14.400,-61.100
26.100,99.900
26.100,99.900
13.700,-89.200
21.900,96.000
10.500,-64.200
42.500,145.000
23.400,120.400
45.900,6.100
-8.000,110.500
-12.300,-77.300
.800,127.325
12.900,123.900
39.700,44.400
46.200,14.700
38.000,21.000
39.800,-75.200
52.000,158.000
38.400,-25.300
10.000,-84.000
-5.000,130.000
-4.000,127.500
40.500,50.000
34.400,70.500
36.500,22.300
19.750,-72.200
43.600,93.000
24.000,89.250
9.600,39.800
1.500,98.000
38.300,44.600
-7.200,114.000
16.500,-62.200
19.000,77.000
38.600,44.900
42.000,146.000
-39.900,175.000
36.300,27.500
-29.900,-71.300
18.300,-66.800
33.600,51.400
40.980,34.800
37.400,48.000
13.100,-61.100
11.000,-84.000
-25.000,-66.000
1.480,124.850
12.300,39.000
11.100,-74.500
24.100,120.500
17.000,-96.300
17.000,-100.600
-18.500,-70.400
23.583,68.367
-39.930,175.050
39.100,26.200
46.100,14.500
2.000,126.500
-27.350,-70.350
39.500,142.500
37.000,22.000
-14.000,-76.800
37.000,15.300
43.400,10.600
26.000,93.000
-32.450,-71.270
37.000,138.000
-12.100,-77.100
46.000,152.000
29.500,30.500
17.000,-96.300
-31.610,-71.180
-31.610,-71.180
7.333,93.667
-6.670,108.550
38.700,-9.200
37.200,15.200
35.300,-2.970
17.000,-96.300
-17.900,-149.900
-41.300,174.500
-41.670,174.000
24.100,120.500
14.000,143.300
7.300,-72.300
10.700,-71.600
55.000,166.000
55.000,166.000
-29.950,-71.370
42.800,17.700
27.800,102.300
34.700,104.900
46.300,8.000
41.200,20.200
10.400,-75.400
36.500,28.800
-33.320,-71.420
25.100,62.300
37.800,-122.400
16.200,-61.400
-27.350,-70.350
41.000,15.700
40.500,19.700
40.500,19.700
40.000,-122.000
36.200,55.000
-6.500,105.500
17.000,-96.300
27.700,68.800
37.100,58.400
37.500,-25.300
37.500,105.200
20.000,-75.800
39.900,41.300
14.000,120.500
1.500,98.000
-3.700,128.200
-5.250,129.750
-12.100,-77.100
32.500,-115.500
17.000,-100.000
38.300,-28.400
-5.000,130.500
13.800,121.100
35.500,-121.000
35.500,139.500
40.900,15.200
29.600,52.500
40.800,15.200
10.500,-64.200
38.250,23.500
26.200,127.600
47.000,154.000
-21.167,-175.167
14.000,123.000
24.000,-104.400
-3.500,128.600
19.800,-100.200
57.000,-152.000
39.300,16.300
13.800,-89.200
17.000,-96.300
34.400,-119.700
44.300,11.800
35.000,136.000
43.000,-.100
39.500,20.500
8.500,-83.000
8.500,-83.000
38.060,45.030
.800,127.400
37.800,-122.400
34.000,137.900
33.100,135.000
29.100,107.100
43.800,7.900
-41.250,175.000
17.000,-96.300
-39.200,177.600
40.200,29.100
17.000,-96.300
40.750,-124.200
16.000,121.000
40.200,29.100
40.200,29.100
42.000,19.500
34.100,-118.100
.800,127.300
46.300,7.900
-33.000,-71.700
37.100,5.700
15.910,-85.960
37.800,-122.400
34.500,137.600
35.650,139.800
32.500,134.500
39.100,121.600
43.800,6.400
29.200,108.100
37.100,-8.000
17.000,-96.300
37.500,-122.300
3.670,125.500
46.400,12.400
29.700,108.800
-8.500,116.000
16.000,-88.000
37.100,5.700
37.100,5.700
40.500,143.500
35.500,26.000
38.250,26.250
4.900,31.700
35.000,-119.000
37.400,45.300
38.400,42.100
-5.500,147.000
-8.000,115.500
36.500,1.300
34.800,138.300
39.400,16.400
40.200,29.000
38.300,45.400
1.350,125.200
1.350,125.200
40.300,16.000
49.200,18.800
55.000,166.000
38.000,23.000
36.000,137.500
36.571,137.590
-30.000,-71.400
17.000,-96.300
19.200,-99.100
19.000,95.000
40.000,20.000
42.800,23.200
26.200,127.500
40.000,20.100
38.200,-9.000
37.500,-122.000
1.000,126.000
-.300,-78.500
43.400,11.300
39.900,41.300
40.700,48.500
1.000,126.500
-4.600,129.900
.009,125.500
40.200,25.800
42.800,13.100
13.330,-87.810
37.600,-122.300
-5.500,130.500
-27.350,-70.350
-9.000,111.000
-40.850,145.320
13.700,-89.800
.900,124.900
18.520,-73.350
40.000,20.100
-12.100,-77.100
1.300,121.000
-1.250,128.500
-1.000,97.500
.009,98.000
-32.800,-68.800
-13.800,-73.400
1.000,97.500
18.500,-77.900
13.740,41.550
46.000,12.000
1.000,97.500
37.500,-122.000
39.100,121.700
-1.500,100.000
38.500,142.000
38.200,22.200
52.300,106.700
14.500,121.000
38.300,20.500
40.300,19.300
32.700,-117.200
23.400,120.000
7.000,.400
35.000,59.000
38.800,30.500
12.700,-87.000
35.500,111.500
38.100,48.200
-6.100,106.700
36.500,28.000
26.000,100.100
14.500,121.000
44.000,6.200
14.500,121.000
-7.500,109.300
38.250,26.250
-19.000,168.500
44.600,141.500
43.800,87.600
40.500,29.100
38.000,47.600
38.530,30.550
38.250,48.280
30.600,57.000
18.200,-72.530
-1.000,135.000
46.500,-53.700
18.600,-97.500
33.380,45.980
-12.000,-77.100
33.200,44.260
38.500,-122.500
29.600,53.100
-7.200,110.300
37.700,15.100
39.400,26.200
41.000,-124.500
37.200,-121.900
13.250,123.500
-19.500,-173.500
40.400,19.500
19.000,-98.000
36.400,25.300
36.000,23.000
40.300,19.300
27.700,85.300
58.000,-152.000
40.100,20.100
18.200,120.600
36.400,2.700
39.800,20.800
38.400,20.200
39.200,26.400
18.400,-64.300
33.500,44.900
-7.800,110.400
36.400,22.200
10.900,-64.100
18.100,-65.100
18.400,-64.300
25.340,121.910
36.300,56.300
18.100,-65.100
19.000,-155.500
41.200,69.600
21.000,-101.000
40.000,41.700
55.000,-161.000
21.200,-100.500
16.800,-99.200
24.500,91.500
16.800,-99.900
-18.600,-71.000
10.700,-63.100
-18.600,-71.000
.810,-77.720
.310,-78.180
37.600,15.133
-36.700,-73.200
-17.000,-72.500
-33.100,-71.700
-40.200,173.000
41.200,43.800
37.700,-122.100
32.400,117.800
7.000,-73.000
24.500,92.500
-36.600,-73.000
-39.900,-73.400
37.783,-122.417
37.783,-122.417
7.500,-72.100
7.700,-73.300
-12.100,-77.100
-19.600,-70.200
27.700,85.300
-30.000,-71.400
40.300,19.300
12.500,123.500
-16.400,-73.900
-21.000,-70.000
-19.600,-70.230
13.500,121.000
44.750,35.000
34.900,5.900
37.000,28.000
38.800,20.800
30.000,99.000
-22.500,-68.900
15.400,-96.300
14.083,-90.383
12.400,-86.600
9.500,-69.500
38.500,22.500
38.500,22.500
39.200,16.300
39.280,16.280
7.000,125.400
-13.650,-76.400
18.200,-94.500
20.700,-157.000
9.203,124.673
40.400,-124.200
-35.000,-72.500
40.500,-73.900
-33.100,-71.700
-13.000,-77.000
18.350,-64.900
.500,123.000
18.400,-64.600
-20.200,-70.200
7.400,124.200
37.300,58.300
-41.500,-73.000
37.300,58.300
-16.400,-71.500
16.000,119.000
40.600,48.700
39.800,20.300
34.900,132.000
36.700,-118.100
17.000,-96.300
36.200,36.200
5.500,-.400
34.500,48.000
52.200,-168.500
34.800,47.600
43.200,-71.530
48.400,23.300
13.800,121.000
27.070,142.210
37.800,27.000
13.640,-89.130
13.600,-89.000
46.200,12.400
-32.300,-71.160
41.700,13.700
44.500,4.700
8.960,-79.530
38.000,23.300
-23.600,-70.400
42.000,-124.000
-5.500,146.000
10.400,-66.600
18.100,-65.100
28.200,-100.200
38.800,38.800
22.000,89.000
17.000,120.600
10.500,-63.100
6.800,122.000
14.500,-90.700
35.000,69.000
20.700,-103.400
20.000,-105.000
-20.000,168.500
37.300,21.800
38.100,30.200
-18.500,168.000
38.700,29.400
7.900,-72.500
13.600,123.200
37.750,27.000
44.500,33.400
16.300,120.300
-6.900,108.300
40.200,26.400
16.000,38.500
18.300,-66.400
-6.000,147.000
38.800,30.500
-3.000,127.250
25.400,99.400
-21.500,-70.500
-12.070,-77.150
-21.200,-70.100
-19.600,-70.200
-20.200,-70.100
-24.000,-71.000
3.880,-77.080
-19.000,168.500
-19.920,-70.335
-4.250,152.250
-12.000,-77.000
5.100,-75.500
-19.000,168.500
-36.800,-73.000
-20.200,-70.100
20.300,-103.400
10.300,-66.800
-20.200,-70.100
40.800,29.000
10.700,-66.500
34.100,-117.300
-23.700,-70.400
27.700,100.800
53.600,-166.400
-19.000,168.500
6.900,125.100
13.500,-88.400
46.200,16.800
6.500,-3.300
9.500,-67.200
37.800,47.900
37.500,57.400
9.800,125.500
33.200,104.700
29.000,33.000
37.500,15.000
34.227,-118.433
13.400,-89.100
22.400,-83.000
42.000,35.200
33.000,104.600
38.600,27.100
15.000,121.500
16.000,121.850
15.000,121.500
38.100,27.800
38.600,27.100
-31.620,-71.180
27.100,54.200
-38.850,178.850
55.800,-155.600
57.000,-136.000
45.900,16.100
36.700,137.300
40.500,48.100
36.100,46.200
24.500,120.700
40.700,13.900
38.250,26.250
38.200,26.200
11.500,-86.300
38.500,43.300
11.000,-84.000
-16.000,179.000
-20.200,-70.100
33.600,104.600
17.970,-76.800
38.400,26.100
38.300,44.600
16.500,121.100
25.000,121.500
40.600,33.600
16.200,121.200
43.300,147.300
-19.600,-70.200
8.520,92.430
8.567,81.233
-33.580,-71.630
46.000,14.200
17.500,-98.300
40.900,14.400
10.000,-79.000
-19.600,-70.200
-4.500,129.900
38.100,115.500
23.800,120.500
7.400,-76.900
38.100,46.300
37.900,112.500
40.700,13.900
38.300,26.200
27.500,52.300
16.000,179.000
23.500,120.400
26.810,55.910
15.700,39.600
40.600,-73.750
7.500,-79.000
23.000,101.100
41.310,-72.920
36.950,-3.983
13.400,-88.500
34.500,105.700
20.800,-103.400
9.800,125.500
37.000,22.000
-2.500,127.500
41.900,47.800
2.500,-76.500
33.500,75.000
34.000,76.000
8.300,123.600
42.700,74.100
12.300,-86.800
-20.200,-70.100
36.100,4.600
5.550,95.300
25.000,104.000
5.600,95.300
37.100,21.500
32.900,-80.000
9.300,-70.400
10.700,122.600
43.900,8.100
13.700,123.300
31.000,-109.000
5.400,96.000
28.200,-100.200
43.100,76.800
17.700,-100.000
19.700,-74.400
38.300,22.800
44.200,12.000
35.580,.330
39.600,16.300
23.700,102.500
10.300,-61.100
36.500,102.200
5.800,95.000
-34.500,-57.900
38.500,119.000
-34.500,172.700
38.200,22.100
41.300,43.300
37.100,104.200
9.200,-69.800
9.950,-84.100
33.300,49.300
13.500,121.000
43.200,78.700
32.800,130.700
17.700,-100.000
38.300,22.000
1.000,126.250
18.800,-99.000
39.200,26.000
-7.000,113.500
6.800,-6.700
11.200,124.400
36.600,54.600
-4.500,129.900
-6.760,111.040
36.900,112.900
36.500,1.800
38.300,43.200
37.100,111.900
5.400,96.000
-37.400,174.400
25.500,-103.500
-9.000,124.000
35.500,137.000
48.000,-123.500
31.500,-116.500
21.000,122.000
17.300,120.600
-18.500,-70.350
38.500,-122.500
38.500,-121.900
14.000,143.300
2.500,99.500
-15.250,166.830
-3.000,127.750
37.000,136.800
30.500,66.200
37.700,20.900
40.500,25.500
17.970,-76.800
38.300,38.300
44.200,21.200
37.700,20.900
36.600,101.800
43.300,147.500
42.500,145.500
40.200,19.700
6.900,125.800
-17.750,168.300
41.750,16.000
30.500,101.500
37.200,58.400
41.700,82.800
41.200,80.300
37.100,58.300
6.000,126.000
29.400,52.300
42.500,146.000
38.600,23.200
38.700,23.100
8.500,-71.700
35.700,139.900
8.200,126.100
40.600,28.700
37.750,21.750
38.900,139.800
-32.000,-68.500
9.400,-70.100
38.300,15.900
37.100,58.400
-8.400,150.100
46.100,14.500
13.400,121.700
40.100,19.400
39.500,20.500
40.000,20.100
43.900,11.100
33.000,130.000
-18.000,-71.000
39.500,20.500
39.500,53.700
41.200,19.300
-38.800,176.000
23.500,116.500
40.667,-74.883
37.000,-89.400
41.700,12.200
35.700,51.400
16.800,96.200
37.800,48.300
38.500,45.000
36.500,141.000
29.200,104.900
17.600,-76.700
19.200,-104.000
38.000,76.000
-33.000,-71.000
-8.250,124.750
39.500,144.000
64.000,-21.000
40.000,141.000
37.000,71.000
-3.500,102.500
43.700,8.100
39.700,75.900
43.500,146.000
30.300,57.100
26.950,56.260
40.000,20.100
40.000,140.000
38.100,141.900
-6.800,120.800
24.700,121.800
16.720,-62.180
16.500,-61.800
-37.300,139.700
12.000,124.000
39.000,12.500
17.000,-96.300
26.000,91.000
16.000,-95.000
38.000,143.700
18.000,120.000
39.000,143.000
-11.900,-76.800
6.000,122.000
6.000,122.000
12.000,126.000
12.000,126.000
12.000,126.000
18.500,-69.950
36.500,54.900
38.200,-122.400
39.000,-124.000
38.600,142.000
12.000,-86.000
39.800,76.600
42.400,13.000
52.000,172.000
43.600,16.700
-36.830,-73.030
39.750,20.750
39.100,113.000
37.750,21.000
-3.000,152.000
37.250,21.750
17.000,-98.000
-12.400,130.700
-21.970,-63.670
18.000,-77.000
10.400,-69.200
60.000,-142.000
60.000,-140.000
60.000,-140.000
37.930,28.840
-3.000,128.500
-5.000,148.000
53.000,159.000
31.900,132.000
31.900,132.000
33.500,-117.000
41.600,43.500
-.030,127.250
36.500,133.500
-6.840,106.960
20.000,-105.000
20.000,-105.000
10.300,-63.300
10.000,-85.500
40.300,43.100
-10.000,165.000
58.600,-137.500
-4.000,152.000
-5.000,148.000
4.600,-74.000
-4.000,140.000
57.090,-153.480
11.000,-66.000
43.000,146.000
10.600,-66.950
-2.000,-82.000
26.000,100.100
36.000,-120.500
43.400,28.700
43.400,28.500
45.000,148.000
39.000,143.000
27.000,130.000
40.500,142.500
-22.000,170.000
40.600,142.300
40.500,142.500
14.000,121.600
11.000,-86.500
40.000,41.500
14.000,122.000
39.400,26.700
51.450,-171.020
52.400,-167.500
17.600,-99.700
14.710,-91.590
-8.000,150.000
-20.000,-174.000
40.700,48.600
13.500,-89.500
40.700,33.600
14.000,-91.000
34.500,-120.500
26.600,56.200
50.000,148.000
40.750,23.250
27.100,56.300
7.500,123.500
39.880,76.200
10.800,122.600
26.300,99.900
18.000,146.000
16.600,-92.600
29.000,-114.000
40.800,72.300
-20.000,-175.000
15.000,-98.000
48.000,98.000
14.000,143.300
-8.000,106.000
32.200,35.300
-3.000,127.500
39.100,42.400
39.100,42.500
-17.000,168.000
38.100,13.400
40.900,42.700
61.560,-158.540
16.700,-99.200
44.300,10.000
4.600,-74.000
36.000,23.000
35.200,58.200
-20.200,-70.150
-28.500,-71.000
7.000,126.000
7.000,-79.000
42.500,145.800
41.800,23.200
41.800,23.200
23.500,120.500
40.000,134.000
52.000,159.000
52.000,159.000
52.000,159.000
-40.500,177.000
37.750,27.000
30.000,130.000
64.660,-148.080
31.200,100.900
-7.700,109.000
-1.000,-80.500
23.500,120.300
9.200,-82.800
9.850,-84.680
1.000,123.000
50.730,-178.550
-27.500,-173.000
-15.600,167.200
33.000,76.000
40.200,29.000
26.400,56.300
20.300,-103.400
-4.000,149.000
42.100,19.600
34.000,132.000
-1.000,-168.000
37.400,142.600
49.000,99.000
49.000,98.000
42.100,13.900
45.000,143.000
39.000,16.000
53.000,164.000
44.500,37.500
42.000,23.000
42.000,42.000
29.300,104.800
40.250,24.200
-17.700,168.300
-17.700,168.300
38.100,38.600
11.000,123.500
36.100,37.100
37.300,9.900
26.600,104.100
34.000,138.000
10.500,-66.917
1.000,-81.500
3.500,-76.200
1.000,-81.000
14.000,-61.000
3.900,-77.033
41.100,20.000
23.600,120.500
24.500,118.500
19.000,-113.800
23.400,120.400
37.670,-122.480
-18.500,-70.300
24.600,98.600
4.600,-74.000
4.600,-74.000
51.050,179.690
-33.000,-72.000
9.000,38.400
-7.000,149.000
38.000,13.700
-2.000,-79.000
-4.000,149.000
-22.000,109.000
6.500,.300
15.000,-61.000
43.500,85.000
56.850,-153.900
-18.000,-71.000
2.000,94.500
18.200,-76.800
38.000,13.700
-13.200,-75.400
3.000,122.000
17.000,-100.000
14.000,123.000
13.500,123.000
-7.500,153.700
51.500,147.000
18.000,120.000
1.000,127.000
-2.000,121.000
41.100,20.100
52.590,-169.730
59.500,-135.500
28.000,-112.500
38.500,67.900
38.133,16.017
-8.010,-76.790
14.000,123.000
-3.100,142.500
-21.170,-175.730
-2.000,100.000
61.000,-146.200
9.000,126.000
-10.000,129.000
18.000,-99.000
17.000,-101.000
3.000,123.000
19.000,-155.000
36.500,70.500
45.000,150.000
-14.000,-78.000
26.500,97.000
38.170,15.580
38.600,26.900
33.000,50.000
35.600,-5.400
40.200,37.800
-18.000,-179.000
34.500,141.500
34.500,141.500
8.000,127.000
44.500,10.500
52.000,175.000
25.000,121.500
38.900,-8.800
4.200,9.200
24.400,103.000
-2.000,101.000
43.200,11.500
-26.500,-70.500
43.700,5.400
36.500,70.500
35.500,72.500
-15.500,167.200
37.900,21.500
16.800,-99.800
35.400,136.300
43.200,11.500
30.000,68.000
37.700,15.200
40.300,29.600
17.000,-101.200
32.000,131.000
24.400,121.800
-10.000,165.000
12.500,145.000
17.000,-85.000
35.000,122.000
33.000,138.500
-4.250,152.250
25.500,122.500
9.800,-84.000
10.000,-84.000
42.000,145.000
-20.000,169.000
40.900,15.400
-19.000,169.500
36.000,4.000
40.900,34.600
16.800,-95.900
35.300,-2.970
-16.000,166.000
-14.000,166.500
-8.000,167.000
-8.000,31.000
4.500,126.000
4.000,127.000
9.000,125.500
43.500,77.500
39.800,114.500
14.002,120.993
38.200,72.800
41.100,20.700
31.230,57.030
51.800,156.000
-4.250,152.250
23.000,115.300
17.500,-102.500
28.000,130.000
36.000,70.500
9.000,126.000
43.200,.200
7.000,137.000
-20.000,-72.000
60.500,-149.000
37.700,15.200
40.400,20.500
17.000,-100.700
38.000,20.500
64.000,-20.000
20.400,-103.200
21.000,97.000
40.500,142.000
-5.620,-80.413
40.500,27.200
19.900,-99.900
7.000,138.000
7.000,138.000
57.500,-155.000
12.600,124.000
19.900,-99.800
-29.000,-62.500
46.000,152.000
-41.800,171.500
-3.400,-79.600
5.354,126.121
26.800,53.700
9.500,127.800
-5.000,154.000
43.500,25.500
-20.000,-174.000
39.600,16.200
-16.600,-73.300
47.500,155.500
-17.000,-74.000
28.400,102.300
-7.000,148.000
-19.500,169.000
-14.200,-72.900
-18.000,169.000
24.150,102.450
31.580,130.670
-12.000,-76.600
43.500,10.200
-35.000,-73.000
-17.000,-72.000
39.200,139.800
16.800,-92.200
37.700,15.200
-1.829,136.943
39.200,36.000
-.200,-78.200
-3.924,101.820
43.500,91.500
-15.500,-73.200
37.820,30.270
-37.800,178.200
38.250,23.250
6.000,132.500
22.000,143.000
38.800,20.600
-15.200,-73.200
42.000,13.500
23.600,123.500
47.000,155.000
11.300,122.300
-3.644,133.695
-18.500,-68.500
32.800,-115.500
53.500,163.300
38.500,20.700
14.000,-89.000
40.500,-117.500
38.300,142.900
-1.000,136.000
18.000,119.500
29.500,91.500
14.560,-88.760
-4.739,152.548
11.100,122.300
-3.000,136.000
-3.000,135.500
41.000,37.000
29.500,131.500
48.500,178.500
11.000,-86.000
53.300,-170.000
33.000,141.000
18.500,-68.000
9.600,-82.000
-28.500,-63.000
38.817,15.233
-4.000,144.500
-21.000,-68.000
30.000,81.000
23.700,120.900
-9.000,113.000
46.300,14.600
46.500,160.000
10.460,-67.770
24.000,121.000
23.900,120.900
-7.000,116.000
31.300,116.200
24.470,118.080
45.900,15.600
56.500,163.000
6.000,125.000
43.500,12.100
-29.200,-177.000
23.200,121.600
54.790,-169.120
42.500,12.700
13.820,-89.310
-15.500,-173.000
25.000,123.000
-3.000,143.500
28.000,104.000
42.500,131.000
-7.500,128.000
4.000,-74.000
41.700,13.600
43.600,13.700
-29.000,-177.500
14.600,-90.600
15.000,-97.000
14.000,-90.000
45.400,136.500
6.500,126.500
23.500,117.200
33.700,-117.000
-28.500,-71.500
-3.500,142.500
24.500,91.000
26.900,103.000
5.500,123.000
45.500,151.500
20.400,121.950
18.500,-67.500
18.500,-67.500
44.500,151.500
18.200,-68.200
-7.000,129.000
-26.000,-71.000
34.500,58.200
8.000,126.000
-19.500,-176.500
12.000,122.000
13.690,-89.190
-18.352,-172.515
40.500,145.500
-4.852,153.714
44.000,11.500
12.330,-88.291
-16.500,180.000
41.400,12.600
43.500,12.100
-2.550,140.750
41.600,14.200
39.400,20.500
19.260,-96.970
.870,122.920
-6.500,150.000
42.000,44.100
23.500,122.700
-38.000,-73.500
44.300,10.300
-19.919,168.530
40.200,20.000
36.601,105.317
-32.700,-68.400
40.500,19.500
44.300,11.900
15.000,-91.000
19.700,-104.300
.700,117.900
40.130,124.380
15.600,39.600
-11.000,111.000
3.800,16.300
43.200,13.200
-2.300,138.800
7.000,126.000
8.000,127.000
36.500,70.500
42.700,12.000
-2.500,-71.000
-16.500,-73.000
2.500,-71.000
-2.500,-71.000
-7.000,143.000
10.200,123.500
41.000,-125.500
11.700,-70.850
-3.300,128.900
10.200,124.100
9.000,123.250
44.400,20.400
-1.000,100.350
45.200,12.700
5.500,95.200
36.300,1.300
24.500,122.000
-16.000,-72.500
47.000,151.800
-28.000,-72.000
-28.553,-70.755
36.500,70.500
32.700,130.300
-43.000,173.000
40.800,-124.500
54.000,161.000
37.600,57.300
-.400,-78.300
55.000,162.400
6.500,124.000
43.200,17.100
31.500,101.000
56.500,162.500
-28.750,-71.750
43.700,12.000
-7.700,109.200
35.200,59.200
35.400,141.800
9.300,125.000
-18.500,-70.300
35.100,139.500
34.900,140.200
37.200,57.700
29.200,56.900
-1.750,128.750
-4.500,151.500
-5.000,152.000
1.000,-77.500
41.700,13.500
5.200,-73.200
35.500,139.500
-1.600,-78.600
49.179,142.436
35.100,5.200
6.500,126.500
16.000,118.000
39.700,42.800
-56.000,157.500
44.737,147.416
36.800,83.800
-49.500,159.000
64.150,-21.950
8.500,126.500
40.000,42.000
43.800,13.200
-7.300,109.800
42.500,12.700
-7.300,109.900
-8.000,115.000
41.200,42.800
60.000,-146.000
46.100,12.200
25.700,100.400
43.200,10.900
-18.500,168.500
9.300,122.700
43.200,10.800
-26.000,-71.500
35.750,134.750
12.200,122.100
46.400,-111.240
34.418,-120.196
40.200,16.100
38.000,30.500
12.200,-85.200
11.000,-42.000
27.000,100.000
13.000,125.000
18.500,-107.000
44.200,12.200
34.600,58.100
28.500,51.200
20.500,-155.500
-10.000,161.000
41.500,13.800
36.500,27.500
-.700,100.600
44.600,10.700
27.000,127.000
-.300,100.400
38.567,14.833
38.500,-28.000
-9.674,159.519
-49.000,161.000
42.600,18.500
40.700,43.700
-3.500,138.500
12.300,-85.800
25.600,100.300
-28.000,-71.000
-7.100,109.000
41.000,19.500
34.000,-4.600
32.500,-115.500
35.600,135.100
26.000,103.000
24.100,102.000
41.500,13.800
44.100,20.500
36.750,102.000
45.000,7.000
44.400,34.400
36.750,22.750
32.000,35.500
37.900,142.000
45.800,14.200
42.900,13.100
34.200,142.000
23.000,120.500
44.400,34.500
44.400,34.300
41.900,13.500
57.690,-136.070
44.500,9.600
34.813,-120.774
44.500,9.600
-44.600,-73.000
45.800,11.800
25.200,102.500
-.700,119.700
55.663,160.039
42.900,11.600
44.200,9.200
49.000,-125.000
17.800,-97.600
38.800,16.000
31.600,60.000
-2.500,88.500
-22.000,170.500
15.670,-96.100
46.400,13.000
38.100,27.400
-13.000,-69.500
42.200,25.300
17.750,-97.100
42.100,25.000
38.000,23.000
38.000,23.500
38.000,23.000
-13.000,-69.500
40.800,26.800
-5.000,-78.000
-19.800,-174.345
40.000,143.200
12.400,120.900
16.028,-97.036
-5.500,-79.000
31.500,120.500
37.300,57.900
16.000,-97.000
-22.500,-70.500
-35.000,-72.000
7.000,124.000
49.800,154.800
40.700,111.600
10.500,-64.200
25.500,98.000
36.500,70.500
51.000,-170.000
37.800,57.600
40.200,37.900
31.700,132.200
51.000,-131.000
25.200,97.200
8.500,127.000
-41.750,172.250
-54.000,-29.500
37.500,58.000
32.200,49.700
63.900,-21.700
42.900,-78.300
-23.000,-69.000
44.690,-56.000
52.500,171.500
32.200,119.400
40.400,20.500
35.800,24.800
36.000,-3.000
38.600,14.600
12.100,-86.200
17.300,96.500
38.100,44.700
26.800,103.000
-5.600,105.300
25.500,90.000
37.800,-4.500
17.400,95.500
-9.300,114.300
41.100,15.400
30.000,100.000
34.030,-118.643
1.200,124.570
25.800,98.400
38.400,68.500
-4.423,145.460
35.800,52.100
43.667,13.267
-4.050,39.667
40.500,19.500
35.000,139.000
40.300,19.600
18.200,96.400
43.700,13.300
23.200,120.600
23.200,120.600
-1.300,144.300
-24.700,-66.300
-28.500,-71.000
38.000,23.000
16.100,-96.800
44.300,10.100
25.600,96.800
40.600,20.800
25.400,96.800
44.300,10.100
-39.772,176.025
-39.500,177.000
-39.500,177.000
41.000,22.500
40.500,142.500
-32.500,-72.000
18.300,120.200
44.900,11.400
13.200,-85.700
44.400,11.600
46.300,12.500
39.200,46.000
54.000,1.067
37.700,15.100
-3.417,142.077
47.100,89.800
29.800,67.300
42.700,13.000
36.100,139.200
-5.000,102.750
-10.932,161.016
-9.968,161.194
32.000,131.500
-12.000,-77.500
20.000,-75.800
30.100,101.800
-17.500,179.600
31.400,115.000
.500,126.000
36.600,53.400
12.000,-87.500
-25.500,179.200
19.500,-104.250
19.452,-103.632
19.000,-104.500
26.000,95.500
16.500,120.500
-3.570,128.350
-39.000,177.500
40.500,23.900
40.500,23.800
-32.000,-131.500
10.500,-64.200
38.700,-117.800
39.700,96.700
13.300,-88.500
31.800,102.200
-20.000,-71.000
37.400,13.000
39.224,144.622
33.620,-117.970
36.800,27.200
6.900,.600
12.000,-87.500
38.100,142.400
-5.500,104.800
31.900,103.400
29.500,102.500
42.000,14.200
-2.000,-81.000
-22.000,-70.500
73.122,-70.014
32.100,56.000
-5.000,151.000
23.700,102.700
26.773,86.762
41.000,108.800
17.500,119.000
-40.500,175.500
66.000,-18.250
8.000,-82.500
-11.907,166.731
-11.139,165.503
24.800,121.500
37.919,40.211
18.500,-105.500
15.000,-89.000
-19.500,-69.500
-4.200,152.200
37.919,40.211
38.200,-20.600
31.800,-115.500
40.500,27.500
35.800,25.000
36.300,53.300
36.300,53.500
24.300,120.800
29.400,102.300
39.300,40.600
24.800,120.800
29.500,66.800
24.200,120.500
35.000,138.000
24.600,120.800
36.600,141.400
1.000,-77.500
42.900,12.700
43.000,146.500
-3.824,141.416
39.900,143.700
40.700,144.300
46.600,-112.000
46.600,-112.000
5.500,94.000
16.500,-93.100
-9.800,161.000
28.700,103.600
1.100,-77.600
35.400,103.400
4.500,126.500
22.500,109.400
28.600,103.600
55.000,165.000
33.000,60.000
35.200,127.600
-24.500,-70.000
34.200,105.700
1.200,-77.300
26.600,103.000
22.300,120.800
6.100,94.700
3.500,97.500
38.200,142.200
39.500,74.200
55.200,164.000
13.200,-88.700
34.400,139.200
35.500,97.600
12.600,-87.200
36.400,7.500
44.500,149.400
-21.500,-177.000
-4.271,152.203
18.800,-97.500
35.400,115.100
14.500,121.500
37.800,112.500
56.000,162.500
-9.400,110.200
17.300,-99.300
-3.000,132.300
36.500,70.500
22.900,121.200
16.700,-98.500
-10.500,-76.500
13.500,-89.500
16.100,-98.300
-5.250,130.500
5.100,-75.500
-3.000,132.300
-5.100,153.100
52.200,-131.900
39.400,33.800
12.200,-86.900
12.300,-86.900
-6.000,147.800
21.700,99.500
-1.000,120.000
36.700,141.400
43.600,144.300
25.208,125.115
18.200,-99.500
-.300,-78.400
37.100,141.700
37.200,141.700
37.500,142.200
37.000,141.700
37.600,141.200
55.480,-158.370
37.000,141.500
36.700,142.100
37.000,142.200
22.900,121.500
36.300,30.700
-36.250,-72.250
38.500,14.700
-7.080,155.386
32.300,132.000
-27.000,-70.500
-9.295,159.234
40.100,139.500
13.500,121.250
37.053,-24.427
5.180,-.130
-12.500,-72.000
22.200,-79.100
24.400,102.500
39.100,26.800
-15.305,-72.190
39.700,40.400
36.300,70.600
39.770,39.533
38.100,13.500
-31.000,-69.000
42.700,121.300
12.500,-87.500
38.400,35.500
23.900,102.300
41.700,43.800
32.733,-115.500
-10.500,-77.000
24.400,102.500
52.000,178.200
44.200,139.500
40.200,122.000
-22.000,-71.000
-41.500,-74.500
45.800,26.800
16.400,43.500
-4.175,152.071
40.500,-125.250
33.500,58.600
38.300,12.200
18.900,-102.900
47.000,127.200
23.600,99.400
12.500,92.500
36.000,10.000
39.500,43.300
31.700,102.300
39.700,39.400
32.000,132.100
37.417,-18.983
8.700,-83.200
8.500,-84.000
23.300,120.300
22.700,99.900
23.100,100.300
13.500,121.000
-.750,-81.500
4.600,-74.500
-34.600,-67.900
43.000,122.000
14.000,-91.000
-15.000,-76.000
41.700,20.400
-49.500,32.000
16.300,-95.000
39.200,28.200
40.300,34.600
40.600,35.000
40.800,35.100
40.900,36.500
43.400,17.200
40.800,30.500
44.300,17.000
-2.100,-80.500
-14.200,-71.500
16.700,-101.500
39.300,73.300
-30.750,-72.000
36.100,4.500
43.100,13.300
7.500,128.000
-1.000,101.000
41.200,143.300
40.600,30.500
30.600,104.100
-9.500,110.000
19.300,-67.500
-53.000,159.000
35.300,133.900
-22.000,171.000
-30.000,-177.000
21.500,93.500
-6.000,134.500
41.000,33.700
54.900,156.800
40.000,40.000
-31.500,-68.500
41.400,32.700
44.000,84.000
-8.500,123.500
36.800,54.500
-2.500,152.800
38.900,29.300
36.700,22.500
44.957,-74.723
39.100,75.000
-22.500,172.000
39.400,26.700
-19.000,169.000
34.000,137.100
34.700,137.200
40.900,142.100
37.400,35.800
35.200,52.100
38.500,43.300
38.500,43.300
2.500,15.600
39.500,119.000
24.500,63.000
38.000,28.900
-6.000,150.000
32.500,59.100
35.750,5.000
38.200,31.800
29.400,51.400
53.492,-162.832
39.300,41.200
49.870,-124.920
-26.500,-70.500
19.250,-69.000
19.500,-69.500
23.900,96.200
23.900,96.200
-4.500,153.500
-14.000,-76.250
51.500,-174.500
41.500,72.500
39.300,55.400
-8.500,-77.500
23.100,120.300
33.000,135.600
13.200,-87.500
33.300,99.500
-38.850,178.870
25.000,102.000
35.000,-116.600
-6.500,148.500
-38.420,178.880
26.700,102.900
37.500,57.800
1.200,-77.200
28.500,94.000
25.500,63.000
37.000,8.000
33.400,58.700
37.000,22.000
-10.500,-75.000
43.800,141.000
10.500,122.000
35.500,27.000
-3.000,127.500
33.100,135.600
38.532,20.425
44.600,10.900
-17.400,-71.000
54.500,-161.000
29.500,100.500
-13.100,-76.200
6.000,95.000
26.400,99.700
36.500,136.000
38.500,20.500
-21.000,-174.000
37.950,58.320
27.400,104.000
22.000,-106.000
-22.500,-69.000
54.600,163.500
38.200,20.000
42.000,84.000
36.000,70.500
47.167,-122.617
-38.000,-73.500
27.280,56.460
5.000,95.000
39.200,70.800
38.580,26.230
-1.400,-78.500
-1.500,-78.200
-18.500,-174.500
39.000,40.500
53.620,-133.270
17.000,121.500
42.500,12.700
-5.500,154.000
30.300,102.500
33.750,-118.250
-54.000,-71.000
-54.000,-71.000
17.000,121.630
27.300,53.200
-53.500,-71.500
21.700,100.100
40.000,40.000
46.000,144.000
-8.000,-71.000
-37.800,177.200
6.500,-83.000
-15.000,-69.500
-13.500,-72.000
-6.000,113.000
7.800,-72.500
10.500,-68.000
-1.500,-78.200
28.500,96.500
23.500,103.100
11.000,-85.000
-3.800,128.300
14.310,-91.917
-6.500,129.500
-10.000,159.500
16.500,-100.400
-18.250,167.500
-23.500,-67.500
-14.250,-75.750
-19.500,-176.000
16.480,-98.220
-9.300,147.100
-3.700,142.200
9.500,127.300
13.000,-87.800
-15.000,-69.500
16.100,-96.800
13.000,-87.500
13.000,-87.500
41.600,13.800
40.800,33.400
33.500,-118.200
19.700,-156.000
23.800,121.700
31.100,91.400
22.900,121.500
-34.000,57.000
26.700,100.000
39.900,41.700
-14.100,-69.900
42.150,143.850
41.700,142.500
19.110,-155.033
9.500,127.250
10.300,-85.300
39.800,39.500
22.700,99.800
-18.500,169.250
35.000,-119.017
30.500,91.500
35.333,-118.917
28.300,102.200
39.000,112.700
36.500,35.500
52.755,160.057
22.900,99.700
10.300,-83.500
28.500,52.300
18.400,-73.400
35.400,55.100
-12.000,-77.500
50.000,156.500
40.000,27.500
-4.449,152.868
29.000,52.000
24.200,103.200
-36.500,-72.500
19.800,-70.700
41.400,26.300
-19.000,169.000
38.100,20.600
38.300,20.800
35.000,32.500
-18.300,178.200
-13.189,166.516
34.000,141.700
-22.100,-68.700
-3.400,-80.600
17.300,-92.600
39.000,101.300
-34.900,138.700
24.500,95.300
37.000,-3.500
39.800,22.100
29.500,-29.500
39.300,22.200
36.000,66.000
31.600,116.600
13.000,123.900
39.400,-118.500
38.800,104.200
27.500,52.000
39.600,-118.500
36.283,1.467
36.000,1.500
36.000,1.500
36.000,1.500
29.400,104.800
-8.000,119.000
38.900,142.200
39.300,-118.200
11.460,-69.570
33.800,-118.200
30.500,67.000
-28.000,-175.500
8.100,123.200
13.000,-87.000
37.500,22.000
30.000,101.800
39.900,74.600
39.400,23.100
-30.000,-72.000
39.500,23.000
44.200,83.600
6.500,94.000
26.500,101.100
37.500,27.000
.200,-78.400
10.000,-84.500
-6.900,155.700
32.200,29.600
26.600,101.800
29.900,101.400
-16.200,-71.300
-5.000,152.500
17.000,-99.500
-19.000,-70.000
-20.000,-175.000
47.500,19.300
-.500,-80.500
12.200,-86.700
45.500,14.300
40.000,30.500
-38.900,175.700
44.300,144.100
35.500,35.500
37.000,-4.000
-15.000,-179.000
35.100,67.500
36.900,26.000
36.800,25.200
22.200,95.700
-5.500,130.000
23.000,70.000
33.800,138.800
37.800,114.000
46.000,150.500
27.200,54.400
39.500,23.000
-25.500,-71.000
40.500,115.500
36.200,8.900
23.900,121.600
39.400,22.800
51.292,-175.629
55.000,-165.200
-15.500,-173.000
-4.600,107.100
33.400,52.500
36.000,28.500
36.400,28.700
40.700,30.900
38.000,112.500
-1.500,137.000
56.200,116.400
36.100,52.700
16.500,-99.100
-23.500,-71.500
28.300,53.300
5.500,127.500
-8.200,107.300
-20.400,-178.500
-2.000,116.000
-21.000,-66.000
45.500,99.500
34.300,47.800
-12.300,166.700
-16.500,-72.000
36.500,53.000
1.500,-79.500
2.000,-79.000
31.500,104.000
25.000,125.000
-4.500,104.000
38.500,-28.800
58.370,-136.665
-13.500,-69.000
34.400,47.900
-18.000,-65.000
-33.785,-70.112
49.300,156.400
36.000,49.000
22.500,109.500
-9.500,112.500
-50.000,-115.000
44.530,148.540
44.200,148.800
44.300,9.900
44.400,8.800
37.500,142.200
44.500,9.600
-4.000,-81.500
44.000,6.800
44.300,149.000
42.900,12.600
44.500,10.800
37.000,28.700
24.780,122.700
52.500,159.500
17.000,-96.300
-20.369,-68.000
53.900,160.500
31.800,115.300
35.600,110.900
22.180,121.130
-7.500,156.000
44.712,-111.215
18.300,-94.400
40.900,19.800
-28.500,-177.000
39.100,41.600
37.500,143.200
45.890,151.110
36.400,2.600
38.750,75.317
-13.500,-74.000
-15.750,-72.750
-15.000,-75.000
33.800,104.500
36.000,4.100
30.450,-9.620
39.800,143.400
39.400,143.700
44.700,127.000
28.000,54.500
-.500,121.500
-37.872,-73.243
-38.143,-73.407
40.000,20.000
-9.400,152.300
40.300,142.500
-1.500,-79.000
28.600,76.700
-3.600,29.000
11.100,122.300
-38.500,-75.100
32.700,103.700
-6.800,-80.700
50.016,156.099
36.000,142.300
36.000,141.900
36.200,141.900
24.900,93.340
43.200,147.900
31.600,131.800
-28.300,-175.700
30.500,110.000
-8.200,122.000
38.000,15.300
34.000,-118.000
39.800,77.700
36.700,28.500
10.400,39.900
27.900,54.600
24.970,98.630
8.900,-73.400
33.500,49.400
27.730,99.750
29.600,131.800
-18.421,168.411
-9.849,160.614
42.900,145.600
46.338,149.548
36.000,136.700
-10.500,-70.700
-59.500,-27.300
-58.000,-27.000
-56.260,-27.283
34.330,104.780
33.600,48.100
-36.700,-73.000
42.700,145.700
4.600,-75.600
43.300,17.100
43.300,17.100
-37.800,-72.500
36.000,9.000
8.008,-82.757
40.900,19.500
23.720,114.670
33.600,59.000
38.073,142.741
-10.000,-79.000
23.600,106.100
42.200,143.900
45.000,5.600
38.800,140.900
17.200,-99.600
17.200,-99.500
37.100,96.000
41.800,142.400
39.800,25.000
43.600,18.300
25.200,101.200
7.500,-82.000
5.200,-76.400
44.680,81.580
41.400,15.500
37.800,22.900
41.800,-111.800
35.630,49.870
39.900,43.900
39.600,23.300
35.100,58.700
28.100,55.600
38.120,106.270
52.470,-168.540
36.900,57.800
24.500,122.100
32.600,21.000
34.400,47.900
40.800,15.600
37.000,57.900
35.700,97.000
25.800,99.500
12.200,-86.900
-8.200,115.600
46.100,14.800
47.900,130.600
33.200,49.200
42.100,21.300
28.200,55.700
-13.800,-69.300
39.800,74.200
33.900,74.800
-10.472,165.770
-10.286,165.413
40.750,29.000
-10.385,-78.022
44.426,149.272
44.770,149.798
44.772,150.563
-6.860,129.580
-6.400,105.400
-24.800,-176.600
-3.700,119.400
23.200,120.600
26.100,101.000
38.800,-28.400
61.017,-147.648
5.900,95.700
45.300,18.100
-4.000,34.900
40.300,139.000
40.400,139.000
38.100,38.300
38.650,139.200
-15.500,166.500
18.300,-100.400
47.159,153.876
35.100,111.600
40.300,28.200
-5.700,150.700
40.400,138.900
27.000,54.000
35.700,4.400
35.000,111.630
-2.400,126.100
51.290,178.550
37.600,47.100
-25.670,-70.630
39.400,24.000
36.300,70.700
-31.810,-71.260
-32.400,-71.200
50.320,177.930
38.600,22.400
37.700,21.800
34.900,138.000
47.400,-122.300
13.500,-89.300
44.700,148.700
28.100,55.900
53.030,-167.550
22.400,101.600
38.267,22.300
-15.800,167.200
-15.900,166.800
16.300,-95.800
-42.900,-75.130
43.900,87.800
27.900,99.700
39.200,22.000
26.100,103.100
26.100,103.100
37.470,115.030
39.100,41.600
37.350,114.920
24.100,122.600
37.270,114.970
.600,30.200
37.500,115.100
37.680,115.270
37.250,114.780
41.200,69.100
38.000,42.600
-10.343,160.883
29.554,80.854
38.500,41.300
38.900,41.300
44.750,37.000
28.700,78.900
39.200,41.600
37.500,22.100
4.600,-73.900
24.000,97.700
10.800,-69.500
27.500,100.100
43.830,125.120
-10.748,-78.638
39.200,21.200
-25.500,-70.700
-11.893,166.445
-12.334,166.684
38.400,22.000
48.100,102.800
30.200,104.100
40.000,20.200
2.900,-74.900
-9.200,113.100
45.530,151.110
38.500,116.500
-3.700,119.300
5.500,97.300
39.500,21.200
35.500,-.100
40.700,30.800
39.500,40.400
6.800,-73.000
10.600,-67.300
43.200,-.500
-4.400,152.500
31.600,100.300
-10.600,-79.800
24.500,122.200
-28.780,-71.190
41.500,20.500
37.717,115.217
17.700,73.900
36.467,111.217
-21.700,-69.500
12.100,-86.200
37.900,13.100
37.800,13.200
43.586,146.701
-5.500,153.200
39.368,24.957
32.000,130.600
36.080,5.070
37.700,-29.400
-.600,34.400
32.300,132.500
44.080,8.000
39.200,44.300
39.300,44.400
40.800,143.200
41.500,142.700
-41.700,172.000
-2.900,139.300
39.100,46.100
39.400,143.100
-5.600,-77.200
29.800,51.200
-30.800,-178.400
16.500,122.200
16.500,-97.800
33.300,132.200
1.400,126.200
.200,119.800
34.000,59.000
39.100,46.200
34.000,58.200
41.800,32.300
33.900,58.200
10.500,-62.600
39.200,40.100
15.500,-92.700
26.300,140.600
-31.600,117.000
-3.400,143.300
42.100,19.300
37.100,57.900
-7.900,158.900
45.000,143.200
4.800,127.400
41.450,79.367
-3.100,118.900
36.017,-10.950
39.200,28.500
38.600,28.400
11.900,41.210
27.700,34.000
40.700,19.800
32.200,132.100
39.200,28.600
38.200,119.400
-11.900,-75.100
22.317,111.800
-6.600,146.900
43.200,12.400
43.600,147.900
39.700,74.800
-32.900,19.700
-11.700,-75.100
38.467,-122.692
-33.100,19.600
44.900,17.300
44.900,17.200
2.100,94.600
57.700,163.600
-.800,-78.300
15.800,-59.700
24.100,102.500
6.800,126.700
12.600,122.100
-9.900,-75.600
57.500,-153.900
38.600,44.700
21.700,73.000
39.200,29.500
15.780,121.710
39.100,28.700
43.000,47.000
43.000,47.100
-9.200,-78.800
42.500,78.800
-59.100,157.800
-52.000,-73.800
-22.280,-70.550
51.800,-131.000
38.800,36.700
32.200,131.700
37.800,55.900
-1.500,-72.600
-14.095,166.570
44.000,16.000
6.200,-77.600
-44.640,173.620
20.600,122.000
-4.907,145.471
-20.940,-69.810
43.840,39.340
-4.000,-80.700
-3.100,139.700
.600,98.800
42.500,11.800
34.412,-118.400
36.600,55.600
29.800,51.900
28.300,55.600
51.400,-177.200
37.600,29.800
38.800,40.500
18.000,-69.800
-7.200,109.100
-25.500,-69.200
-32.500,-71.200
-5.500,153.900
44.800,10.300
-4.900,153.200
-2.700,-77.400
41.400,143.500
36.300,52.700
28.900,103.700
30.000,50.700
46.500,141.200
46.700,141.400
46.400,141.200
46.300,140.900
-6.500,146.600
46.400,141.100
-14.100,-73.300
-15.500,167.200
51.500,179.100
52.900,159.200
56.000,163.300
22.600,122.100
22.500,122.300
23.000,122.200
43.800,13.300
29.700,50.900
33.300,140.800
-6.800,-76.800
28.400,52.800
23.600,121.600
13.400,120.300
-30.500,-71.800
3.900,124.300
43.800,13.300
36.200,69.700
30.100,50.800
56.820,-135.680
-6.000,152.900
36.000,73.400
46.000,-1.100
37.900,22.400
38.300,20.300
-20.000,168.800
6.500,126.600
33.300,140.700
12.400,-86.100
-30.600,-71.000
18.480,-103.000
31.400,100.580
-39.580,176.570
34.100,-119.000
28.580,52.620
50.500,156.600
-34.130,150.270
13.400,122.800
11.660,43.030
10.679,-84.759
4.956,-78.144
19.936,-155.098
43.200,145.800
43.300,146.400
43.200,146.600
35.180,86.480
37.660,15.167
18.270,-96.600
-32.500,-71.500
-60.820,-21.550
38.900,20.440
30.570,52.890
38.460,-28.310
35.180,23.800
-14.460,166.600
-15.120,166.900
-12.300,-76.350
-7.500,155.900
38.600,27.000
-7.400,155.600
6.890,-72.930
31.600,119.200
34.500,138.700
28.240,104.010
10.560,-63.380
44.970,15.530
-22.124,-64.638
45.140,94.030
7.750,-77.690
36.000,139.820
-38.500,-73.400
-.280,12.920
43.200,146.700
-12.270,-77.790
17.300,-62.000
28.000,55.800
35.100,72.900
42.890,46.990
-5.000,130.000
32.460,78.430
33.000,131.100
53.110,173.500
40.640,122.580
-6.700,106.700
27.500,56.260
-29.900,-71.300
40.420,26.140
42.060,-112.550
10.040,-69.750
33.190,131.300
-38.180,-73.230
35.997,-17.649
43.024,147.734
21.490,94.700
36.320,5.241
-6.590,155.054
-7.104,155.152
39.439,-121.528
38.474,40.723
31.599,51.037
-24.894,-175.119
12.540,125.993
13.843,144.754
19.451,-155.033
-16.265,-172.467
38.628,21.798
66.160,-16.580
-29.208,-177.886
-28.427,-177.657
44.915,149.123
15.324,-89.101
14.767,-91.061
36.610,67.790
41.130,43.010
40.310,63.770
.780,-79.800
40.890,42.850
46.356,13.275
40.380,63.470
24.570,98.953
24.531,98.710
17.400,-100.640
-4.603,140.091
-8.170,114.888
4.960,118.310
39.570,117.980
39.664,118.401
6.292,124.090
7.249,122.939
37.700,28.890
46.280,13.157
46.302,13.197
46.320,13.130
-4.517,139.918
33.800,59.150
39.120,44.030
36.510,71.040
-20.520,-68.920
-27.953,26.653
39.000,44.000
-8.220,115.190
40.040,70.850
45.777,26.703
.450,100.020
16.770,122.330
27.610,56.390
38.560,40.020
-16.696,-172.095
31.980,50.680
-9.828,160.323
-9.890,160.348
-9.844,160.822
-9.965,160.731
38.934,44.380
39.000,44.000
-22.878,-175.900
46.290,14.290
-11.085,118.464
-1.081,146.230
7.340,-76.300
-25.856,-175.406
42.110,23.970
36.730,55.040
-31.030,-67.770
30.950,56.470
34.809,139.259
-30.680,-177.360
39.690,39.790
38.780,141.950
38.100,16.030
29.926,66.302
17.030,-99.740
44.026,149.002
44.140,149.029
44.209,148.971
44.932,148.439
44.244,148.862
42.839,78.606
43.269,20.919
38.391,15.066
40.759,23.268
35.100,132.600
38.190,142.028
8.249,122.403
40.739,23.229
22.282,121.512
14.843,-91.022
-26.510,-70.540
34.350,-119.700
36.630,-6.871
48.290,9.010
33.386,57.434
39.350,72.610
16.010,-96.591
44.592,146.581
32.140,49.650
23.247,122.075
33.897,59.472
-16.390,-72.658
40.232,143.703
60.691,-141.671
17.813,-101.276
41.956,19.023
42.096,19.209
34.530,24.437
-8.299,115.934
42.255,18.752
-8.207,115.949
-30.812,117.179
-4.980,145.577
8.316,-82.943
31.452,119.241
39.672,28.660
41.145,108.129
-1.679,136.040
42.812,13.061
14.321,-90.082
-46.675,165.707
32.634,-115.324
-8.254,115.847
13.833,-90.881
-7.656,108.252
39.536,20.398
33.918,59.741
-16.760,-179.984
4.805,-76.217
33.962,59.726
34.033,59.817
1.598,-79.358
-3.299,102.712
-8.390,115.889
38.815,-27.780
37.855,-121.816
43.530,146.753
-8.082,108.793
40.459,15.855
14.716,-91.317
46.214,-122.194
43.294,20.837
37.600,-118.840
32.220,-114.985
34.808,139.181
-12.410,166.381
39.269,23.041
40.113,70.596
39.203,22.729
-12.525,165.916
37.190,50.201
38.174,-83.907
29.598,81.092
15.888,-88.516
-1.948,-80.017
32.913,75.633
32.834,75.629
35.450,139.964
-39.542,176.478
36.195,1.354
18.211,-98.240
41.117,-124.253
-13.347,-74.545
40.914,15.366
8.045,-72.441
34.587,50.652
34.503,50.590
38.640,142.750
-4.576,139.232
30.927,101.098
41.051,14.601
38.222,22.934
38.209,23.288
39.481,20.699
-13.144,-74.376
33.133,-115.650
-48.786,164.357
29.913,57.715
-13.166,-74.522
30.013,57.794
44.849,17.312
-14.960,-173.085
35.693,73.594
-33.134,-73.074
8.117,-72.527
18.048,-102.084
23.686,32.604
29.856,66.962
39.243,25.227
13.752,124.358
46.975,-66.659
13.158,-87.589
6.946,94.002
-6.863,106.936
4.374,97.755
-9.265,118.479
42.158,142.361
17.250,-93.210
-12.690,-76.065
36.785,105.550
16.558,-98.358
31.907,99.931
13.313,-89.339
36.194,141.702
-12.597,165.931
-8.375,120.577
14.487,-89.121
43.164,12.586
40.883,19.590
14.701,44.379
36.148,69.011
-24.133,-175.864
-8.405,123.080
33.826,139.434
38.026,20.228
16.147,-95.232
39.945,75.135
41.959,21.540
38.841,70.727
-4.056,127.924
-4.883,153.581
38.294,20.262
35.953,52.264
2.461,-76.686
39.042,48.714
8.717,-83.123
5.723,94.722
40.025,75.260
-4.843,-78.103
14.926,99.023
36.219,-120.317
40.462,139.102
40.249,138.948
41.346,139.099
9.652,-83.688
40.324,27.222
61.031,-147.286
36.948,49.180
30.349,67.840
40.142,24.766
35.500,139.070
55.867,161.287
18.231,120.860
43.246,20.859
33.941,139.513
-26.535,-70.563
1.084,121.052
1.131,120.858
43.974,-113.916
40.330,42.187
35.464,133.899
35.206,115.213
50.696,5.346
44.689,10.317
19.430,-155.454
-6.852,72.110
-5.392,151.868
11.866,-13.529
36.372,70.738
-2.823,118.806
34.616,70.484
-10.012,160.469
38.396,22.094
36.431,70.826
40.320,63.350
44.117,148.192
-4.647,145.805
37.320,-121.698
43.260,12.558
41.765,13.898
41.831,13.961
42.967,17.734
31.448,140.036
17.984,-69.338
52.878,-4.198
32.386,131.945
1.761,99.075
43.314,20.957
35.789,137.488
40.885,42.219
34.006,141.500
37.013,21.757
40.545,42.403
42.375,-105.720
39.155,71.328
56.200,163.400
24.641,92.891
-33.053,-68.467
28.399,52.997
-33.132,-71.708
17.013,-62.448
-32.663,-71.551
7.758,123.544
-34.131,-71.618
-9.245,114.185
25.926,102.871
16.498,120.815
39.266,22.810
-5.599,151.045
-4.439,152.828
36.190,70.896
-9.159,-78.887
39.431,75.224
-4.130,136.049
18.190,-102.533
17.802,-101.647
-9.829,159.854
41.581,22.254
15.299,-90.863
40.301,69.823
36.460,6.761
40.310,42.307
-1.639,134.911
-13.987,166.185
11.725,-85.838
-13.966,166.516
37.688,15.068
-9.505,-77.512
-3.904,103.461
15.075,-92.072
-13.410,-71.785
32.128,76.374
37.993,37.806
51.520,-174.776
41.431,43.737
29.627,69.363
52.327,-174.504
24.125,121.619
10.597,-62.928
-4.448,143.943
34.000,-116.610
29.962,51.582
32.970,-117.869
10.770,-69.428
37.537,-118.447
37.200,37.300
45.547,26.316
37.014,22.176
36.930,22.175
-30.546,28.737
13.827,-89.118
37.931,28.574
27.727,66.650
-28.117,-176.367
23.901,121.574
44.120,16.339
-5.494,-35.769
43.274,25.912
-33.071,-72.084
29.985,51.623
41.964,81.319
41.529,79.318
35.964,1.374
36.988,141.689
-6.088,147.689
-37.965,176.765
-24.388,-70.161
.083,-77.785
32.034,131.837
37.447,137.865
16.066,120.301
2.244,98.866
8.047,125.410
34.076,48.266
-10.717,162.330
-14.074,167.828
24.924,115.608
-19.022,-69.991
-17.897,-70.931
-58.893,158.513
43.242,13.874
-.978,-78.050
34.061,-118.078
-8.143,-77.954
34.070,-118.100
-17.940,-172.225
-7.288,154.371
-6.266,149.060
58.586,-143.270
33.082,-115.775
-8.247,124.155
58.679,-142.786
35.362,140.214
38.111,106.336
41.246,19.630
-19.847,133.803
-19.829,133.882
-24.753,-70.433
24.688,91.570
57.262,-142.747
30.890,50.194
12.376,121.067
18.606,121.013
-5.964,148.780
23.902,121.598
25.149,95.127
-10.258,160.896
29.974,51.679
26.755,86.616
-6.060,146.230
37.180,71.811
37.938,20.932
36.443,2.759
13.881,-90.450
19.080,-67.256
22.789,99.611
23.181,99.439
21.230,108.545
18.068,-76.597
12.399,124.537
37.938,-26.142
48.117,-71.183
40.987,44.185
38.465,68.694
1.031,126.189
40.027,41.816
-4.346,152.797
-13.702,34.420
29.987,99.195
16.773,-99.328
29.964,51.655
11.038,-68.270
23.553,99.526
-52.341,160.568
30.167,50.921
21.861,89.763
1.134,-79.616
19.362,-155.083
39.112,-28.242
34.942,139.193
-8.081,125.129
-4.511,139.022
43.522,45.362
11.766,41.942
-4.219,136.667
55.543,-156.835
31.583,102.433
30.960,51.421
37.036,-121.883
39.893,113.884
39.571,143.333
36.788,2.448
18.986,-68.833
39.837,142.760
29.882,106.804
29.892,57.718
8.337,126.729
-32.967,151.619
9.755,124.694
34.706,139.252
34.140,-117.700
-22.122,175.163
28.925,66.331
9.919,-84.808
37.034,72.942
9.253,125.606
52.314,-2.985
15.125,147.596
39.436,74.900
1.186,122.857
31.107,51.678
35.986,100.245
40.775,15.766
-40.296,176.064
5.121,32.145
5.358,31.848
-6.016,-77.229
45.841,26.668
45.811,26.769
9.855,-84.327
-6.062,-77.136
11.760,121.899
47.869,85.076
27.398,65.719
36.957,49.409
36.636,49.799
-6.904,108.120
36.415,70.789
15.679,121.172
36.990,29.595
-15.355,167.464
47.963,84.961
-.059,-78.449
33.267,138.643
-28.014,26.727
47.903,84.961
-26.390,27.349
37.093,103.781
35.121,70.486
28.251,55.462
3.908,97.457
43.853,16.633
40.854,73.553
37.300,15.438
23.916,121.636
23.722,121.627
41.004,22.300
9.869,-84.302
-5.097,150.967
23.613,95.901
35.993,70.423
-9.929,159.139
44.885,6.760
48.268,154.328
58.427,-175.450
40.386,78.959
39.887,113.923
-6.038,-77.130
-5.982,-77.094
37.457,68.273
36.416,70.912
9.685,-83.073
39.597,41.118
42.453,43.673
9.542,-82.418
42.565,43.349
5.865,116.746
42.461,44.009
15.119,120.355
39.984,42.875
1.196,122.787
34.262,-118.002
-8.099,124.681
45.364,21.057
44.888,22.407
-15.679,-71.574
36.520,44.066
9.737,-84.054
10.045,-69.948
40.235,-124.348
-40.250,175.053
14.646,-90.986
-9.094,158.442
30.780,78.774
30.666,50.218
26.323,70.607
4.554,-77.442
13.887,44.068
36.924,49.603
45.498,21.115
45.533,151.021
18.000,108.000
35.106,139.644
-7.138,109.067
31.726,50.778
39.710,39.605
51.153,5.798
33.961,-116.318
40.368,-124.316
41.019,72.429
7.191,126.762
33.377,71.317
19.613,-77.872
-11.122,165.239
34.201,-116.436
34.203,-116.827
36.705,-116.293
39.419,143.330
32.536,141.641
42.142,73.575
29.087,66.740
11.727,-87.386
29.134,52.187
-6.087,26.651
29.778,31.144
6.845,-76.806
7.075,-76.862
-8.480,121.896
43.300,143.691
23.027,101.062
32.104,60.088
37.634,137.245
-14.385,-178.252
29.084,87.333
45.035,-122.607
30.692,50.886
-11.652,-76.530
51.218,157.829
-28.886,-176.819
30.149,50.814
9.821,-83.622
42.851,139.197
38.224,21.756
15.385,31.690
41.985,139.839
12.982,144.801
14.717,-92.645
42.314,-122.012
18.066,76.451
-5.889,146.020
28.723,82.280
18.120,76.533
51.934,158.647
39.263,75.533
36.028,100.104
40.330,-76.037
34.213,-118.537
1.015,127.733
42.762,-110.976
.593,30.037
-4.967,104.302
30.853,60.596
29.096,52.617
19.803,-72.799
-18.039,-178.413
40.608,143.683
36.901,67.163
23.959,122.448
-10.477,112.835
-10.362,112.892
-10.777,113.366
24.511,121.905
-10.341,113.369
2.917,-76.057
-13.841,-67.553
-42.963,171.658
28.968,52.614
35.520,-.106
40.402,-125.680
43.773,147.321
-1.258,127.980
43.905,147.916
13.525,121.067
40.741,-124.310
40.525,143.419
20.524,109.330
34.583,135.018
5.050,-72.916
-37.759,178.752
4.104,-76.622
35.046,32.279
-4.183,135.109
37.925,139.186
-15.199,-173.529
12.059,125.580
12.047,125.920
40.149,21.695
-8.452,125.049
-23.008,169.900
52.629,142.827
38.401,22.283
21.966,99.196
36.427,103.123
-23.340,-70.294
-5.799,154.178
16.779,-98.597
38.063,30.134
-2.750,-77.881
65.170,-148.565
-2.045,101.436
19.055,-104.205
27.929,130.175
28.094,130.148
26.003,102.227
-28.906,-71.417
28.826,34.799
44.663,149.300
.729,119.931
27.291,100.276
-.891,136.952
-9.593,-79.587
15.978,-98.070
39.993,76.696
-1.036,-78.737
-6.518,154.999
40.774,109.661
51.564,-177.632
51.478,-176.847
31.555,139.931
-22.118,-113.436
42.803,17.936
21.898,121.498
30.568,131.093
31.885,131.468
-14.993,-75.675
31.789,131.314
41.026,74.284
18.219,-102.756
40.956,19.672
39.474,76.998
37.661,57.291
29.976,68.208
38.075,48.050
39.422,76.839
34.872,71.620
31.920,130.429
39.513,76.865
39.537,76.998
39.527,76.941
-12.584,166.676
11.112,-60.892
13.986,144.901
33.825,59.809
36.411,70.945
23.083,80.041
33.938,59.475
10.598,-63.486
-26.857,26.619
4.358,96.494
43.048,12.879
43.084,12.812
-3.776,119.727
31.959,141.878
-22.101,-176.772
-30.933,-71.220
35.069,87.325
37.570,20.656
22.212,92.702
1.241,122.536
54.841,162.035
41.083,114.500
14.374,-91.473
15.883,-96.298
37.075,70.089
36.479,71.086
30.154,57.605
39.977,76.731
-62.877,149.527
43.164,12.701
32.457,59.976
46.245,13.652
22.306,125.308
-17.731,-65.431
37.388,78.843
37.106,70.110
36.878,35.307
38.650,-28.626
38.717,48.507
23.407,120.736
-2.943,142.582
-.593,-80.393
39.660,77.343
-8.194,112.413
44.209,20.080
41.925,20.390
33.199,47.225
27.791,53.608
27.308,101.029
-2.071,124.891
26.373,104.021
4.461,-75.724
42.962,46.954
38.193,-1.566
34.259,69.364
28.343,57.193
41.131,114.658
30.512,79.403
-16.660,-72.662
29.501,51.880
40.802,47.448
18.386,-97.436
18.324,-101.539
15.782,-88.330
21.544,91.895
40.760,29.970
40.711,29.949
38.119,23.605
40.709,30.045
23.772,120.982
23.738,121.158
16.059,-96.931
34.594,-116.271
23.445,120.506
-13.640,-74.430
39.899,113.983
40.744,30.266
40.758,31.161
24.589,102.872
36.920,54.900
-16.423,168.214
40.459,122.889
40.358,42.346
15.766,119.740
-6.845,105.555
35.321,-1.281
22.132,92.771
40.498,122.994
25.607,101.063
35.288,58.218
-26.288,30.888
22.338,143.730
34.220,25.690
-1.105,123.573
38.164,38.777
24.223,121.058
-4.721,102.087
40.693,32.992
26.856,97.238
-4.612,101.905
23.843,121.225
63.966,-20.487
-13.802,97.453
63.980,-20.758
34.221,139.131
11.884,-85.988
-6.675,106.845
34.319,139.260
20.253,122.043
33.901,139.376
48.786,142.246
25.826,102.194
38.379,-122.413
-7.977,30.709
35.456,133.134
37.542,69.582
7.042,-77.829
-3.980,152.169
-5.233,153.102
-5.496,151.781
40.245,49.946
39.566,54.799
38.457,31.351
6.898,126.579
13.049,-88.660
23.419,70.232
13.671,-88.938
29.513,101.129
47.149,-122.727
34.083,132.526
13.605,-88.795
27.689,101.003
35.169,69.389
-16.265,-73.641
37.238,36.206
-16.086,-73.987
-17.543,-72.077
24.455,102.660
39.059,24.244
-14.258,-72.683
34.059,-118.387
52.630,-132.200
12.686,144.980
-4.102,123.907
26.316,100.648
35.946,90.541
23.954,122.734
23.632,90.376
-17.600,167.856
38.673,69.902
-3.212,142.427
-19.384,-69.231
-1.684,29.077
18.194,-95.908
38.573,31.271
38.773,69.924
28.093,51.755
32.319,-115.322
36.502,70.482
6.033,124.249
36.062,69.315
23.346,124.090
24.279,122.179
-29.670,-71.384
39.959,69.417
-27.535,-70.586
44.513,-73.699
42.436,21.466
34.642,47.400
41.765,44.960
13.088,144.619
-2.907,33.733
-28.937,-66.797
25.842,88.932
35.626,49.047
50.889,6.103
7.929,-82.793
30.916,99.927
14.101,146.199
-1.196,121.333
-21.696,-179.513
-23.884,178.495
30.200,31.410
35.701,48.838
39.770,72.007
38.381,13.701
-3.302,142.945
13.036,93.068
-1.680,134.234
52.520,-2.150
16.870,-100.113
31.995,49.329
47.832,-3.207
-1.757,134.297
63.514,-147.912
-1.884,29.004
37.670,15.267
41.789,14.872
35.517,74.654
2.824,96.085
63.517,-147.444
35.414,74.515
-14.490,167.827
37.747,21.087
39.736,97.443
34.594,47.454
39.570,75.254
35.704,69.868
29.590,51.474
-10.491,160.770
18.770,-104.104
-8.807,118.524
43.883,11.960
39.500,39.878
43.897,85.923
12.171,123.921
12.168,124.079
34.310,-116.848
48.342,6.570
39.610,77.230
39.483,77.393
-6.983,108.468
48.210,9.000
-8.294,120.743
27.264,89.331
38.221,26.958
37.529,96.476
34.494,-85.629
39.007,40.464
39.430,77.219
36.964,3.634
38.849,141.568
2.354,128.855
36.939,3.578
36.870,-88.980
39.893,22.309
-30.608,-71.637
35.476,60.784
28.355,54.169
-2.598,68.382
25.975,101.290
38.432,141.003
38.111,28.887
38.019,28.927
22.854,92.306
-60.532,-43.411
1.142,128.152
9.355,-79.941
39.160,20.605
43.770,119.643
29.573,95.605
-45.104,167.144
44.329,11.450
34.998,140.172
19.917,95.672
19.777,-70.673
41.815,143.910
50.038,87.813
50.000,87.890
-43.340,173.040
50.211,87.721
35.457,139.871
19.761,-70.693
25.954,101.254
38.400,100.951
37.812,142.619
34.712,103.834
27.372,103.971
51.146,178.650
12.025,125.416
27.283,103.753
42.905,80.515
-8.137,120.524
23.039,121.362
31.953,49.209
43.083,27.486
35.706,-121.102
8.416,-82.824
28.995,58.311
-22.107,169.350
-8.310,115.788
17.488,-101.303
48.758,19.217
36.852,3.418
27.695,52.397
-3.120,127.400
8.358,-82.877
-3.615,135.538
-4.003,135.023
31.675,35.551
34.774,73.216
-.466,100.655
-1.559,100.488
-3.393,29.558
35.142,-3.997
37.136,22.116
45.382,118.256
39.930,40.812
39.847,40.874
36.512,71.029
-1.549,100.540
-8.669,114.650
-9.362,122.839
24.081,121.611
-37.695,-73.406
37.506,96.758
29.881,51.474
30.126,67.121
9.926,124.038
36.290,51.610
47.311,142.120
27.836,36.905
-38.854,-73.155
39.766,43.979
46.296,13.641
34.890,61.852
-38.000,176.510
33.426,69.524
39.634,43.966
36.833,27.815
27.266,103.873
38.377,39.261
33.070,136.618
33.184,137.071
-28.573,-65.840
34.682,103.781
54.841,19.912
35.819,-120.364
11.989,-86.520
37.125,54.477
24.530,122.694
25.073,99.169
37.226,138.779
37.284,138.885
45.787,26.622
49.277,-128.772
35.945,23.115
37.396,138.862
-8.152,124.868
4.695,-77.508
32.023,48.836
9.602,-84.172
15.679,-61.706
33.297,47.977
-46.676,164.721
45.626,10.559
-3.609,135.404
43.006,145.119
36.848,3.448
10.490,-61.480
48.115,8.077
36.865,3.421
42.900,145.228
24.757,92.539
44.119,141.793
37.042,28.206
-49.312,161.345
3.316,95.854
37.103,54.574
34.064,141.491
-41.223,175.210
-1.198,119.933
-1.364,-80.785
22.526,100.709
37.622,43.703
37.910,-1.820
-7.037,107.819
15.775,-61.744
41.728,79.440
24.550,92.524
30.754,56.816
30.378,68.038
-26.913,26.789
39.440,40.978
27.095,61.887
39.354,40.890
17.145,73.730
17.072,73.668
33.807,130.131
2.085,97.108
-1.644,99.607
-19.987,-69.197
41.301,-125.970
1.819,97.082
-1.174,119.963
42.389,19.812
-9.948,124.480
35.498,139.982
7.920,92.190
46.827,125.058
45.365,-112.615
39.437,33.089
26.569,103.036
9.985,108.383
28.850,52.560
23.627,104.103
-19.780,-68.980
17.398,74.118
38.276,142.039
30.924,78.560
17.067,73.773
-4.539,153.474
12.471,40.634
-5.678,-76.398
-16.635,-70.794
34.539,73.588
38.152,26.751
-.507,-77.745
23.604,107.798
-5.852,-78.704
38.107,144.896
29.695,115.689
38.260,38.814
26.774,55.858
-6.224,29.830
36.357,71.093
30.476,79.255
38.804,26.783
36.311,23.212
-5.473,128.131
27.382,88.388
41.708,25.544
-21.324,33.583
26.912,91.705
28.120,56.865
23.777,70.899
33.129,73.887
-3.595,127.214
36.623,5.328
27.574,55.685
3.462,97.224
33.500,48.780
44.624,124.122
22.868,121.278
34.600,73.136
23.322,70.477
37.640,20.920
31.607,90.413
60.949,167.089
-20.187,-174.123
8.898,-82.543
30.790,56.700
-5.575,105.395
-7.961,110.446
26.759,55.843
37.605,43.787
-14.520,34.280
33.129,131.141
40.270,19.960
33.068,104.950
-9.254,107.411
27.995,104.138
37.255,68.828
-33.131,-68.707
38.246,69.220
45.840,-.140
28.012,104.151
26.319,-86.606
-16.592,-172.033
10.876,-61.756
10.814,-61.758
19.878,-155.935
-13.457,-76.677
31.560,113.210
43.469,119.558
46.592,153.266
42.990,-.050
48.195,22.460
44.229,83.524
-3.728,119.233
2.520,128.283
-8.251,118.777
47.580,7.600
18.901,98.916
.626,99.859
26.880,76.150
42.156,76.163
21.799,120.547
47.449,19.343
39.803,70.311
37.021,103.911
33.259,104.740
46.243,154.524
39.592,42.863
1.065,126.282
6.614,126.240
38.318,39.267
-.493,100.498
2.082,-76.495
33.490,48.930
-20.617,169.357
37.336,136.588
38.340,20.420
-8.466,157.043
17.302,-100.198
34.807,136.239
41.172,19.897
-45.243,-72.648
51.085,1.009
45.394,-112.130
20.504,100.746
-1.065,127.343
23.028,101.052
13.554,-90.618
34.437,50.833
-3.987,-79.836
37.570,138.478
42.913,82.378
37.804,-122.193
38.936,70.485
30.881,78.239
2.872,127.464
-15.595,167.680
47.116,141.798
51.307,-179.971
39.465,-111.237
-5.968,107.655
-13.386,-76.603
39.464,-111.207
17.200,73.700
28.154,56.652
-11.610,165.762
-7.783,114.338
2.982,-77.967
-4.438,101.367
-2.625,100.841
22.013,142.668
-49.418,163.954
-44.785,167.583
35.304,76.753
37.434,-121.774
21.181,70.724
9.721,124.647
22.150,92.388
-22.247,-69.890
-2.312,-77.838
31.680,49.930
-8.277,118.339
28.555,77.057
14.944,-61.274
-15.048,-44.231
-25.996,-177.514
-32.689,-71.695
-39.011,178.291
39.417,33.212
39.446,33.162
40.288,72.985
14.129,-91.479
-.795,134.012
35.616,-.570
22.761,92.333
1.011,97.442
-2.296,28.900
23.433,87.111
32.456,-115.315
31.730,51.200
-2.404,28.918
33.327,35.305
2.768,95.964
41.153,-114.867
-2.486,99.972
53.403,-.332
-3.700,-40.350
23.330,70.592
35.490,81.467
-12.178,-77.164
-20.071,168.892
13.564,-90.599
38.452,-87.886
39.520,-119.930
-19.941,168.953
33.860,48.590
36.158,141.521
31.002,103.322
-3.910,-40.440
4.330,-73.764
32.570,105.424
8.423,-82.968
32.710,105.540
64.004,-21.012
35.883,-.658
24.702,84.964
37.963,21.525
39.030,140.881
-10.368,-75.512
35.500,58.800
53.882,152.886
-15.986,-71.748
37.552,142.214
39.802,141.464
32.747,105.542
33.953,-117.761
32.036,104.722
32.756,105.494
10.514,-64.171
12.897,124.319
25.051,97.919
25.044,97.684
-39.715,176.851
30.901,83.520
-52.533,26.417
51.607,104.158
26.272,101.937
37.507,38.503
-3.935,103.058
26.743,55.828
41.892,143.754
17.438,73.915
39.533,73.824
29.807,90.350
43.372,46.254
30.639,67.351
30.598,67.455
37.565,95.833
1.271,122.091
8.267,-82.967
49.914,18.455
26.990,55.800
32.518,105.395
-32.938,-69.259
23.970,97.569
23.970,97.569
36.401,71.075
-.414,132.885
-.691,133.305
10.165,-84.197
46.857,155.154
-11.779,-75.626
3.884,126.397
34.204,73.899
40.657,78.692
-23.046,-174.659
22.399,85.903
13.452,-86.060
42.334,13.334
42.275,13.464
27.143,70.749
34.185,70.076
25.212,37.597
25.292,37.744
33.198,75.787
41.303,22.714
16.720,-86.236
-17.026,168.329
-17.757,167.949
44.724,78.864
9.590,-78.966
25.632,101.095
-45.762,166.562
31.158,85.902
29.358,105.438
14.099,92.888
34.743,138.264
-1.479,99.490
37.696,95.718
25.280,95.101
-7.782,107.297
42.660,43.443
10.705,-67.920
6.513,124.715
-9.138,115.593
27.332,91.437
-38.280,145.250
-15.489,-172.095
-.720,99.867
-2.515,101.501
-13.006,166.510
-12.517,166.382
-.962,-77.817
36.517,70.950
27.262,91.417
25.962,100.825
27.334,56.202
-8.207,118.631
10.434,-69.715
-26.414,27.494
-9.948,33.878
17.109,73.767
34.921,139.261
23.796,121.605
-10.108,33.818
32.437,-115.165
27.319,91.510
38.245,71.467
-8.743,157.477
-8.799,157.346
-9.019,157.551
-7.907,107.879
40.652,-124.692
18.457,-72.533
10.454,-63.475
32.450,48.300
25.558,105.804
30.268,105.668
25.523,101.903
25.930,128.425
-36.122,-72.898
-24.872,-65.602
22.918,120.795
38.864,39.986
-34.290,-71.891
13.667,92.831
32.297,-115.278
2.383,97.048
33.165,96.548
35.633,67.658
-30.794,121.406
30.099,80.026
-18.058,-70.547
3.748,96.018
35.900,4.120
18.400,-67.070
16.591,145.682
7.881,91.936
32.700,-115.921
-2.174,136.543
13.197,93.087
29.872,80.428
45.880,-75.480
16.396,-97.782
27.022,53.861
6.486,123.467
35.217,59.308
-17.541,168.069
-1.266,-77.306
12.484,141.476
35.490,54.470
27.197,103.005
-43.522,171.830
-43.570,172.388
-40.433,176.818
-43.598,172.690
23.407,90.648
29.647,51.665
33.869,72.887
-3.487,100.082
43.760,20.673
33.370,48.940
30.178,67.117
7.521,37.839
35.827,-96.772
28.412,59.180
26.901,143.698
-19.702,167.947
-43.550,172.647
30.160,51.620
-19.157,168.311
28.777,63.951
24.693,97.943
24.618,94.680
-36.474,-73.125
38.947,-107.497
-43.583,172.680
9.457,125.935
38.435,142.842
24.719,97.969
38.297,142.372
36.281,141.111
38.058,144.590
20.687,99.822
29.698,80.754
38.276,141.588
31.373,100.757
37.001,140.401
-4.586,122.771
37.699,-1.672
39.120,29.040
43.015,88.247
-43.564,172.743
25.075,98.721
52.050,-171.836
32.447,95.948
-29.539,-176.340
38.034,143.264
40.081,71.410
24.932,98.730
39.955,77.028
-18.365,168.143
-18.311,168.218
37.063,-104.701
37.936,-77.933
52.171,-171.708
2.965,97.893
28.724,77.189
27.730,88.155
14.186,-90.238
21.211,70.533
-28.993,-176.238
38.722,43.513
-14.438,-75.966
27.449,88.684
-.130,-78.370
43.648,82.437
35.532,-96.765
7.904,125.185
35.531,-96.788
38.429,43.229
24.955,95.236
13.297,-87.898
38.310,76.888
-41.364,174.315
17.844,-99.963
-43.490,172.800
51.842,95.911
36.288,58.835
-14.168,-75.635
-17.827,167.133
9.999,123.206
22.661,120.891
31.428,56.778
12.354,123.700
40.887,144.944
10.037,125.633
16.493,-98.231
-35.200,-72.217
2.327,93.063
.802,92.463
-18.972,168.741
-32.625,-71.365
32.747,47.726
41.549,46.789
26.175,92.889
38.612,70.354
-17.678,-69.591
-16.764,-43.999
44.890,11.230
44.831,11.490
42.645,22.968
44.851,11.086
-7.692,106.371
36.420,28.880
36.023,69.351
37.294,42.325
27.767,100.781
43.433,84.700
32.978,119.593
2.707,96.045
-9.694,159.727
38.329,46.826
49.800,145.064
-1.315,120.096
12.139,-88.590
10.811,126.638
10.085,-85.315
27.575,103.983
23.739,81.314
52.788,-132.101
13.988,-91.895
23.005,95.885
40.411,90.355
33.506,59.571
37.890,143.949
55.393,-134.652
4.927,95.907
-10.799,165.114
-10.928,166.018
1.135,-77.393
55.150,61.410
27.226,103.071
-15.748,-71.425
25.980,99.812
40.119,77.466
23.828,121.215
28.428,51.593
15.520,-87.159
34.369,134.828
28.033,61.996
33.958,139.352
31.817,-97.088
46.221,150.788
30.308,102.888
34.526,70.220
33.061,75.863
26.560,57.770
36.703,5.261
54.892,153.221
7.275,124.898
23.789,121.141
54.263,86.173
-8.305,116.058
4.645,96.665
-8.803,113.002
36.534,3.086
-41.704,174.337
34.512,104.262
38.753,22.666
-41.767,174.061
16.917,-99.381
28.229,99.370
14.643,-92.104
26.971,65.520
-15.851,-74.562
27.263,65.587
35.487,23.261
9.866,124.011
5.067,96.031
37.149,144.679
-60.296,-46.362
29.363,51.314
27.261,54.428
19.001,-66.848
-40.634,175.776
-7.976,109.246
38.169,20.431
26.579,57.717
38.292,20.337
35.922,82.549
-30.679,121.187
33.684,131.825
-19.925,-70.628
33.932,-117.917
-19.642,-70.817
-20.400,-70.135
28.155,103.641
12.514,-86.379
-11.315,162.211
-11.451,162.069
12.176,-86.296
17.552,-100.816
-6.720,154.931
19.703,99.683
17.385,-100.656
26.387,68.358
49.915,8.624
40.977,19.879
40.305,25.453
24.976,97.865
-30.118,-177.670
51.797,178.760
14.742,-92.409
37.040,142.425
58.358,-137.130
17.842,-95.524
36.851,3.161
27.245,103.427
-26.986,26.741
-.076,-78.302
28.182,103.570
32.739,47.670
38.220,-122.313
6.881,125.251
-13.814,-71.744
23.386,100.487
-32.115,-110.779
12.526,-88.123
1.928,126.547
30.343,101.720
36.640,137.911
23.336,100.474
39.830,142.890
-16.431,168.148
23.663,102.907
44.520,18.930
44.107,85.641
34.658,73.302
44.126,19.936
33.179,115.798
-4.760,152.556
24.194,122.327
28.147,84.708
31.594,140.167
-5.465,151.886
27.837,86.077
27.831,140.493
5.987,116.541
26.642,90.401
37.468,78.136
-9.303,158.396
-10.444,165.172
33.884,73.225
52.376,-169.446
-2.683,138.508
8.237,-77.298
-2.102,28.930
-31.573,-71.674
-.631,131.244
-25.420,-64.444
36.441,70.717
8.477,-71.365
-29.439,-72.105
30.991,128.877
38.755,20.552
-10.047,-71.023
-10.548,-70.904
38.258,72.767
36.500,71.132
24.834,93.656
-3.863,127.229
59.658,-153.452
35.741,-3.597
22.939,120.593
-4.908,94.275
36.472,71.131
32.782,130.726
.382,-79.922
-16.074,167.393
32.038,94.987
.465,-79.641
1.295,126.355
38.883,70.626
18.515,145.529
-8.218,117.816
-22.495,173.111
-15.613,-71.671
-55.279,-31.874
42.714,13.172
20.919,94.579
-37.401,179.055
-1.030,31.560
42.012,21.481
35.769,129.227
-2.650,29.060
34.905,73.682
35.358,33.801
42.934,13.043
42.855,13.088
35.984,-96.798
-42.757,173.077
37.392,141.403
11.960,-88.835
27.806,86.532
51.613,16.157
-15.294,-70.823
5.281,96.108
-10.665,161.335
-10.730,161.107
-4.509,153.450
.816,-79.740
-43.416,-73.880
24.015,92.018
-19.326,176.053
28.200,53.107
42.601,13.227
-6.214,155.122
25.216,63.272
9.911,125.461
