31.100,35.500,7.3
38.000,58.200,7.1
32.000,35.500,6.5
29.600,35.000,6.2
39.700,23.300,7.0
38.900,22.700,7.1
35.500,51.800,7.6
38.250,22.250,7.3
40.000,25.000,7.0
42.700,77.500,6.7
36.300,28.300,7.2
35.400,103.900,6.5
33.800,105.600,7.0
36.300,119.000,7.0
45.200,36.600,6.4
36.000,-10.000,6.7
41.300,19.500,6.6
43.000,41.000,5.5
32.000,35.500,7.0
28.800,104.600,5.5
38.000,58.300,7.1
35.900,126.500,6.3
33.000,112.500,6.5
35.200,25.100,6.9
35.900,126.500,6.3
35.800,129.200,6.3
36.100,36.100,7.5
40.770,29.920,7.2
35.800,129.200,6.3
34.700,105.400,6.5
35.800,103.500,6.8
36.700,28.000,7.0
34.700,105.300,7.0
39.400,99.500,7.5
45.300,11.000,5.3
32.600,116.800,5.5
40.300,116.000,5.5
35.500,129.100,6.3
34.100,105.300,4.5
41.400,19.400,6.8
31.300,35.600,6.4
35.000,23.000,8.0
40.500,29.600,6.4
41.000,29.000,6.6
40.500,46.500,6.7
40.900,28.500,7.3
40.800,29.200,7.2
42.700,76.500,6.7
39.000,125.300,6.3
35.500,129.100,6.3
39.400,113.300,7.5
36.250,36.100,7.0
36.250,36.100,7.1
40.300,27.800,6.8
38.400,22.300,7.1
40.900,27.600,7.0
40.900,28.800,7.0
36.100,111.500,5.5
35.500,129.100,6.3
32.500,134.000,8.4
35.700,135.400,7.0
33.800,136.700,7.0
34.600,105.600,7.0
39.700,45.500,5.8
40.700,29.300,7.3
35.300,52.200,7.2
42.100,48.200,5.5
32.400,130.500,6.4
35.500,136.900,7.9
34.600,135.300,6.5
32.000,35.500,7.0
33.300,59.300,7.6
31.600,130.700,6.5
45.400,12.200,5.6
35.500,129.100,6.3
32.500,109.400,6.5
27.900,102.200,7.0
36.800,66.200,7.5
35.200,139.300,7.9
39.000,139.900,7.0
40.000,44.600,5.2
40.000,44.600,4.5
36.200,54.300,7.9
40.000,44.600,5.2
40.000,44.600,4.9
37.100,138.000,7.0
38.500,143.800,8.6
33.200,47.200,6.8
37.800,105.900,6.5
37.500,138.100,6.5
33.000,135.300,8.6
38.300,48.300,6.3
45.300,11.000,5.3
33.800,136.700,7.0
39.700,64.500,6.7
38.000,58.300,7.1
27.700,52.300,5.3
31.800,119.900,5.5
45.300,11.000,6.0
40.500,43.300,4.2
27.665,52.348,6.5
39.800,113.100,6.5
34.800,131.800,7.5
37.600,126.300,5.7
38.400,112.900,7.3
38.400,27.300,6.8
38.100,46.300,7.6
40.500,43.500,5.5
39.700,116.300,6.8
23.600,116.500,6.8
38.500,116.100,6.0
41.400,43.200,5.3
40.500,143.000,7.0
34.000,137.500,8.4
33.000,135.500,8.4
36.000,59.000,6.5
35.000,62.100,6.1
36.200,50.000,6.5
36.100,103.700,7.0
38.500,106.300,6.0
32.600,36.700,6.2
32.000,35.500,6.1
37.500,65.500,7.1
32.600,36.700,6.7
33.500,36.000,7.6
36.300,57.600,6.5
42.000,60.000,6.1
36.000,111.800,6.3
36.000,58.800,7.6
36.000,106.200,6.5
38.500,106.300,5.5
41.000,28.600,6.9
45.300,12.200,5.6
35.200,139.400,7.0
35.200,139.500,7.0
39.000,144.000,7.5
36.000,58.800,5.8
41.300,19.700,6.5
42.100,44.200,6.7
45.300,11.000,5.1
36.100,58.800,5.8
41.700,43.200,6.3
41.500,119.300,6.8
36.100,111.500,6.5
35.200,139.400,7.1
36.800,56.000,6.5
36.300,111.700,8.0
38.500,45.500,6.7
39.800,113.100,6.5
35.900,106.100,6.5
35.600,46.000,5.5
36.500,113.800,6.0
30.100,102.700,4.8
33.700,135.200,7.0
34.700,59.700,7.6
40.400,115.700,6.5
44.300,34.300,6.0
41.000,139.500,7.0
40.800,28.800,6.9
43.000,43.000,6.5
37.300,113.000,5.5
35.600,105.300,7.0
33.400,136.200,7.0
33.000,135.000,8.4
28.800,115.300,5.0
37.600,112.500,6.0
32.000,118.800,4.8
37.600,126.300,6.3
36.200,58.500,5.8
36.200,58.800,7.6
39.800,64.400,6.1
33.700,136.500,7.0
36.000,58.800,6.7
34.400,138.400,6.2
33.800,136.900,7.0
34.900,139.500,7.1
36.200,103.300,6.3
28.300,53.100,6.5
24.500,117.600,6.3
37.500,138.200,7.0
35.900,126.500,6.3
-16.300,-71.000,8.0
42.600,75.200,6.4
27.500,101.600,5.5
36.000,28.000,7.1
26.500,99.900,6.0
26.100,56.900,6.5
39.900,40.400,7.5
24.900,57.900,7.7
40.500,116.500,6.8
36.900,49.900,6.5
34.400,108.900,6.3
31.700,103.900,5.5
39.400,67.100,5.8
33.000,59.800,6.5
25.500,103.800,5.5
35.500,25.500,7.2
37.600,105.600,6.3
35.100,139.500,7.1
34.400,137.700,6.4
34.000,138.100,8.3
33.500,135.200,7.5
34.800,110.100,7.0
35.700,115.300,6.5
35.200,110.900,5.0
24.600,102.500,5.3
40.800,28.100,7.7
34.600,135.400,6.7
34.500,137.600,7.0
46.200,13.433,6.5
26.600,100.000,5.8
25.000,98.500,6.5
-17.200,-72.300,8.7
25.100,99.100,5.5
26.600,100.200,7.0
24.100,102.600,5.5
38.000,125.000,6.7
25.300,100.300,5.5
33.600,136.300,7.0
10.500,-64.200,8.0
38.700,-9.100,7.7
30.700,117.500,4.8
25.800,116.400,5.0
28.100,102.100,7.3
23.600,102.800,5.5
37.070,15.300,6.6
32.000,35.500,7.0
25.800,105.200,5.0
-16.600,-71.300,7.6
35.800,128.800,6.3
-11.900,-77.600,8.4
34.500,109.700,8.0
-.200,-78.600,7.6
24.900,103.200,5.5
24.200,102.700,5.5
37.500,106.200,7.3
-38.700,-73.500,8.0
44.017,7.283,5.8
3.000,-77.300,7.8
39.000,119.000,6.0
34.400,109.000,6.8
-36.750,-73.000,8.3
24.100,102.700,6.0
34.400,104.000,6.8
-.200,-78.600,7.8
-39.800,-73.200,8.5
25.000,98.600,6.5
25.100,99.900,5.0
51.019,1.309,6.2
-14.100,-71.500,6.4
-16.600,-71.600,8.2
-12.200,-77.600,7.8
-11.800,-77.800,8.4
35.000,136.800,8.2
25.300,100.300,5.5
-12.300,-77.700,8.5
-5.300,-80.500,6.2
24.000,102.800,6.0
34.800,138.200,6.7
35.400,103.900,5.5
48.300,15.500,6.6
-17.200,-72.900,7.7
33.300,131.700,6.9
33.300,131.600,6.4
-16.800,-70.900,7.9
-16.600,-70.800,8.1
23.500,117.200,7.0
46.800,8.500,6.2
35.100,140.500,7.2
-17.880,-70.940,8.5
25.000,119.500,8.0
33.000,134.900,7.9
33.500,138.500,7.9
19.900,110.500,7.5
23.600,102.800,6.5
36.400,50.500,7.6
39.200,99.000,7.3
-11.900,-77.400,8.6
8.300,-71.800,7.9
21.500,111.300,5.5
39.000,144.500,8.1
37.200,127.000,6.3
38.117,14.783,5.6
37.200,112.500,6.5
37.500,138.000,7.7
44.900,35.500,5.7
35.700,139.700,6.4
-18.500,-70.350,7.5
38.100,142.000,7.0
39.000,144.500,7.5
37.000,111.900,6.5
-7.941,-79.038,8.6
32.500,130.600,6.4
40.900,71.400,5.8
39.500,116.700,5.5
36.500,106.300,7.0
39.400,114.200,7.0
37.500,105.500,6.0
41.733,15.350,6.7
18.400,121.600,8.0
46.000,15.500,5.0
40.600,114.200,6.3
36.000,25.000,7.0
32.600,104.100,6.3
-12.200,-77.500,8.1
11.200,41.700,5.7
35.300,104.300,6.0
35.500,107.800,5.0
29.300,111.700,6.5
35.200,139.200,7.1
37.500,21.000,6.9
34.100,105.300,6.0
30.700,115.100,5.5
35.100,107.600,5.5
38.100,20.300,7.2
5.100,-2.200,5.7
39.033,16.283,7.0
38.200,46.300,5.1
42.070,140.680,6.5
-1.500,-78.500,7.6
23.500,116.500,5.8
35.100,111.100,6.0
35.200,140.600,6.7
35.500,129.500,6.5
7.500,-72.500,7.0
39.400,140.100,6.9
-1.700,-78.600,7.5
14.400,121.000,8.0
43.550,10.317,5.2
37.700,141.700,7.6
-33.400,-70.600,8.5
36.000,140.000,6.4
38.183,15.550,5.0
35.500,126.000,6.5
-13.500,-72.000,8.1
42.100,47.700,5.8
25.400,100.500,6.8
38.200,28.200,7.5
34.300,105.500,8.0
-12.300,-77.600,7.7
-36.830,-73.030,8.0
31.500,103.600,6.0
39.400,115.700,6.0
-.200,-78.500,7.7
23.000,120.200,6.0
31.700,132.000,7.6
-14.100,-75.800,7.3
35.500,127.100,6.3
38.700,112.700,5.5
35.000,136.800,6.4
42.600,18.100,7.2
38.400,27.100,6.6
40.600,48.600,6.9
25.000,125.500,6.7
38.400,27.100,6.6
35.300,118.600,8.5
38.000,126.000,6.4
40.600,48.600,5.7
33.000,122.500,6.8
35.900,126.500,6.3
35.500,141.000,6.4
33.400,134.700,6.9
43.933,12.583,5.6
36.300,59.300,6.6
-3.750,127.750,6.8
-1.700,-79.000,7.7
40.000,144.000,8.1
33.400,104.800,5.5
35.000,141.500,7.4
-9.000,-79.000,8.4
38.600,142.000,7.4
40.100,44.700,5.9
40.000,117.000,8.0
31.400,119.500,5.0
25.000,101.500,6.8
-18.500,-70.350,7.5
38.700,112.700,7.0
-32.800,-70.700,7.5
-13.500,-76.500,8.5
-1.300,-78.600,7.3
26.500,99.900,6.3
38.400,26.900,7.0
38.400,26.900,7.5
43.700,44.700,5.3
-2.200,-78.900,6.8
17.500,-61.500,8.0
-25.400,-64.800,7.0
37.333,15.167,6.0
25.000,121.500,5.5
45.400,12.200,6.2
36.000,111.500,8.0
-1.200,-78.700,7.7
33.300,131.700,6.4
45.600,15.300,5.0
-12.100,-76.600,7.8
45.000,-125.000,9.0
34.200,129.300,7.0
36.500,126.500,6.5
42.467,13.200,6.7
44.400,8.917,3.2
35.000,140.000,8.2
38.000,116.500,5.5
34.900,106.800,6.0
-13.000,-72.000,5.8
34.100,137.800,8.4
33.200,134.800,8.4
34.000,137.000,7.0
37.400,105.300,7.5
27.800,111.300,5.5
-4.000,129.000,7.0
34.300,134.000,6.7
25.400,103.200,6.8
32.000,103.700,6.5
38.200,21.700,6.3
38.700,43.900,6.6
-17.300,-70.800,7.5
33.300,131.700,6.6
-17.200,-71.200,8.8
-13.700,-76.000,8.6
41.200,80.300,7.5
39.000,142.700,7.6
35.000,105.200,7.5
40.400,115.500,6.8
20.300,120.300,5.5
23.000,120.300,6.0
37.900,46.700,7.7
38.500,20.500,7.0
-9.000,-79.000,7.7
-16.400,-70.800,7.6
25.100,103.100,6.0
56.500,118.500,8.2
30.100,101.900,5.5
36.300,136.000,6.6
39.500,127.300,5.7
37.500,13.000,5.2
-32.500,-71.500,8.7
40.000,116.200,6.5
36.200,142.200,7.6
37.900,140.600,6.6
35.200,140.800,6.5
26.200,103.100,7.5
2.600,-76.500,4.5
23.100,120.300,6.0
55.500,163.000,7.8
50.000,157.000,7.5
-43.000,-74.000,8.0
33.200,104.200,5.5
36.800,24.400,6.5
33.300,96.600,6.5
38.900,106.500,8.0
40.700,142.300,7.1
53.300,104.000,7.7
50.500,157.000,7.5
39.000,20.300,6.9
-11.996,-77.198,8.0
30.100,101.900,5.5
32.900,103.600,5.5
38.300,22.100,6.8
30.400,101.600,6.0
36.400,106.100,5.5
24.700,102.900,6.0
37.200,138.100,6.6
-36.830,-71.630,8.5
26.500,99.900,6.8
-3.500,128.500,6.5
24.700,102.200,6.5
23.800,102.700,6.0
-.200,-78.500,7.0
37.000,-10.000,8.5
42.700,-70.300,7.0
-.900,-78.600,7.0
-6.000,107.000,7.5
33.000,35.500,6.4
34.500,-13.000,8.5
24.400,102.500,6.0
24.400,102.500,6.0
50.000,90.000,7.7
38.100,138.700,6.6
40.500,143.500,7.4
41.000,142.500,7.8
40.700,142.000,7.1
47.700,18.200,6.2
24.300,102.800,6.5
15.910,-85.960,6.5
34.800,105.000,6.5
40.900,140.700,6.9
19.900,-76.100,6.8
10.470,-64.170,7.5
-4.850,152.800,7.5
26.200,127.500,6.5
32.300,132.000,7.4
51.800,105.500,7.3
38.600,142.000,7.4
24.600,99.900,5.5
-5.000,102.000,7.0
24.000,124.300,7.4
39.300,142.700,7.4
23.500,120.600,5.5
38.000,46.700,6.5
38.000,46.200,7.7
45.300,151.200,7.5
35.100,139.700,7.3
38.300,15.967,6.9
38.217,15.633,5.9
38.583,16.200,6.6
38.767,16.300,5.9
38.783,16.467,6.9
38.317,16.400,4.1
38.167,15.633,4.1
-16.500,-72.000,8.0
39.900,98.000,6.0
29.800,102.100,7.5
44.000,80.800,6.0
16.500,-98.500,8.3
15.500,-97.000,7.3
57.000,-153.000,8.0
55.000,-161.000,8.0
7.600,1.700,5.6
24.200,102.800,6.5
34.600,110.300,5.0
54.000,162.000,7.5
24.500,117.700,5.5
56.000,163.000,6.8
34.500,135.400,6.5
35.800,21.000,7.0
32.800,130.300,6.4
43.500,140.600,6.9
23.600,120.500,6.8
54.000,162.000,8.4
31.000,101.500,6.0
40.850,139.950,6.9
38.500,144.000,8.3
30.600,101.500,6.0
9.300,-13.400,5.2
-27.350,-70.350,7.7
-1.640,-78.670,8.3
.001,99.000,8.0
36.600,136.600,6.4
23.800,102.400,6.5
7.500,-73.500,5.0
39.400,67.200,6.0
36.200,53.300,6.5
45.700,26.600,7.4
37.700,138.300,6.6
25.600,100.600,6.0
39.050,139.950,7.3
18.900,-103.800,7.5
-12.100,-77.100,7.5
44.833,7.250,5.7
33.900,134.800,6.5
39.900,139.900,6.6
41.800,45.200,4.2
25.200,121.300,7.0
31.700,100.300,6.5
35.600,-90.400,8.5
35.600,-90.400,8.0
36.300,-89.600,8.4
36.500,-89.600,8.8
43.700,83.000,8.0
10.600,-66.900,7.7
35.400,139.600,6.6
34.370,-117.650,6.9
34.200,-119.900,7.5
35.800,114.400,5.3
23.700,102.500,6.0
25.200,121.200,6.5
34.800,111.200,6.8
-8.000,115.000,7.0
15.500,-91.500,7.5
31.400,100.700,6.5
45.900,6.800,8.0
38.250,22.250,6.8
-4.000,101.500,7.0
19.100,-103.600,7.5
-7.000,117.000,8.5
36.100,102.300,5.8
-27.400,-70.300,8.0
-27.400,-70.300,8.0
-27.000,-71.500,8.5
23.000,71.000,7.7
66.416,12.850,5.8
17.200,-99.600,7.6
34.100,113.800,6.0
37.750,21.250,6.9
-7.000,119.000,7.5
-4.500,11.600,6.2
45.700,26.600,6.7
10.100,-83.300,7.6
33.000,104.600,5.5
-33.000,-72.000,8.5
-6.500,108.500,6.8
29.800,52.400,6.4
38.750,20.750,6.8
36.100,52.600,6.7
4.600,-73.900,8.2
-45.800,166.500,8.0
34.900,111.100,5.3
1.800,-76.400,7.0
-12.130,-77.809,8.3
32.600,129.900,6.4
40.700,48.400,5.7
51.400,104.100,7.5
-33.050,-71.630,7.0
33.200,117.900,5.5
36.600,118.500,6.0
43.000,47.000,6.3
36.400,54.300,6.5
36.400,114.200,7.5
32.800,116.800,6.3
-18.500,-71.000,7.8
12.400,-61.500,7.0
40.400,19.900,6.4
29.400,80.100,7.5
28.300,85.500,8.0
25.200,103.000,8.0
-18.251,-71.010,7.7
-2.500,100.500,8.3
38.900,139.150,7.4
1.200,-77.000,7.0
43.300,141.400,6.4
16.800,-99.900,7.0
24.900,103.000,5.0
31.300,35.600,6.3
47.600,22.300,6.8
33.000,97.000,5.5
28.600,87.100,6.0
-36.830,-73.030,8.2
37.900,141.900,7.6
-22.600,-70.300,7.5
-8.300,118.700,7.5
33.000,35.500,6.4
16.860,-99.880,6.5
34.600,103.700,6.0
5.500,96.000,7.3
19.450,-99.150,7.0
-42.500,-74.000,8.5
20.000,-105.000,7.5
45.700,26.600,6.9
37.600,-122.400,7.0
14.400,-61.100,7.8
26.100,99.900,6.0
26.100,99.900,6.0
42.500,145.000,7.3
23.400,120.400,6.5
-8.000,110.500,7.0
12.900,123.900,6.5
39.700,44.400,6.7
46.200,14.700,4.9
39.800,-75.200,5.2
52.000,158.000,8.4
-4.000,127.500,6.0
40.500,50.000,4.3
19.750,-72.200,8.1
43.600,93.000,7.0
24.000,89.250,6.0
1.500,98.000,7.3
-7.200,114.000,6.0
16.500,-62.200,8.3
42.000,146.000,8.4
-39.900,175.000,7.5
33.600,51.400,6.4
37.400,48.000,6.9
1.480,124.850,7.0
24.100,120.500,6.0
17.000,-100.600,8.0
23.583,68.367,6.3
46.100,14.500,4.9
2.000,126.500,7.3
39.500,142.500,6.9
-14.000,-76.800,7.9
43.400,10.600,6.1
26.000,93.000,7.5
37.000,138.000,7.4
46.000,152.000,7.5
-31.610,-71.180,7.3
-17.900,-149.900,6.5
-41.300,174.500,7.9
,,6.0
-41.670,174.000,6.0
24.100,120.500,6.8
14.000,143.300,7.5
7.300,-72.300,6.0
55.000,166.000,7.5
-29.950,-71.370,7.5
27.800,102.300,7.5
34.700,104.900,5.0
-33.320,-71.420,7.1
-27.350,-70.350,7.2
40.500,19.700,6.6
-6.500,105.500,6.5
37.100,58.400,5.8
37.500,105.200,6.0
39.900,41.300,7.3
14.000,120.500,7.5
1.500,98.000,6.8
-5.250,129.750,8.3
32.500,-115.500,7.0
-5.000,130.500,7.0
10.500,-64.200,6.7
-3.500,128.600,6.0
8.500,-83.000,7.2
8.500,-83.000,7.2
38.060,45.030,4.5
34.000,137.900,8.3
33.100,135.000,8.4
29.100,107.100,5.5
-41.250,175.000,8.0
-39.200,177.600,5.5
40.200,29.100,6.7
40.200,29.100,6.7
34.100,-118.100,6.0
34.500,137.600,7.0
35.650,139.800,7.0
32.500,134.500,7.0
39.100,121.600,5.5
29.200,108.100,4.8
37.500,-122.300,5.5
29.700,108.800,5.5
16.000,-88.000,7.5
40.500,143.500,8.0
38.250,26.250,6.6
35.000,-119.000,8.3
38.400,42.100,6.7
-5.500,147.000,8.0
-8.000,115.500,7.0
34.800,138.300,6.4
40.300,16.000,6.5
55.000,166.000,7.5
-30.000,-71.400,6.5
1.000,126.000,7.3
39.900,41.300,6.1
40.700,48.500,5.9
1.000,126.500,7.0
.009,125.500,7.3
13.330,-87.810,6.2
-5.500,130.500,6.8
-27.350,-70.350,7.6
13.700,-89.800,7.0
-1.000,97.500,8.5
.009,98.000,7.0
1.000,97.500,7.0
1.000,97.500,6.8
39.100,121.700,6.0
-1.500,100.000,6.5
38.500,142.000,7.4
38.200,22.200,7.5
52.300,106.700,7.5
14.500,121.000,6.5
32.700,-117.200,5.9
23.400,120.000,6.5
7.000,.400,6.5
38.800,30.500,6.1
35.500,111.500,5.5
36.500,28.000,6.7
26.000,100.100,5.5
14.500,121.000,6.5
-19.000,168.500,7.5
44.600,141.500,6.4
43.800,87.600,5.5
40.500,29.100,6.7
-1.000,135.000,7.8
33.380,45.980,6.4
29.600,53.100,6.0
37.200,-121.900,6.3
13.250,123.500,6.0
-19.500,-173.500,8.0
36.400,25.300,6.1
36.000,23.000,6.0
40.100,20.100,6.7
38.400,20.200,7.9
39.200,26.400,7.0
36.400,22.200,7.1
18.100,-65.100,7.5
25.340,121.910,7.0
19.000,-155.500,7.9
41.200,69.600,6.5
40.000,41.700,6.7
24.500,91.500,7.5
-18.600,-71.000,8.5
-18.600,-71.000,8.5
.810,-77.720,8.0
.310,-78.180,7.7
-40.200,173.000,7.6
41.200,43.800,4.5
37.700,-122.100,6.8
32.400,117.800,5.5
27.700,85.300,6.5
12.500,123.500,7.0
-21.000,-70.000,6.8
-19.600,-70.230,7.5
44.750,35.000,5.6
37.000,28.000,7.5
30.000,99.000,7.3
15.400,-96.300,7.9
38.500,22.500,7.0
38.500,22.500,7.5
20.700,-157.000,7.0
40.400,-124.200,5.9
-35.000,-72.500,7.5
-20.200,-70.200,7.3
37.300,58.300,5.6
37.300,58.300,6.3
-16.400,-71.500,6.5
16.000,119.000,6.0
40.600,48.700,5.7
34.900,132.000,7.4
36.700,-118.100,7.8
36.200,36.200,7.3
5.500,-.400,4.9
48.400,23.300,4.3
42.000,-124.000,6.7
-5.500,146.000,8.0
38.800,38.800,6.1
10.500,-63.100,5.9
20.700,-103.400,7.5
-20.000,168.500,8.0
38.100,30.200,7.3
-18.500,168.000,7.0
38.700,29.400,6.1
7.900,-72.500,7.5
44.500,33.400,5.2
16.000,38.500,6.2
-6.000,147.000,7.0
-3.000,127.250,6.8
25.400,99.400,6.0
-21.500,-70.500,8.3
-19.000,168.500,7.5
-19.920,-70.335,7.9
-19.000,168.500,8.0
10.300,-66.800,5.9
40.800,29.000,6.7
34.100,-117.300,4.3
27.700,100.800,5.5
6.500,-3.300,5.7
37.800,47.900,6.7
37.500,57.400,6.7
33.200,104.700,8.0
29.000,33.000,5.9
42.000,35.200,5.5
33.000,104.600,5.5
16.000,121.850,7.5
38.100,27.800,6.1
38.600,27.100,6.7
-31.620,-71.180,7.7
-38.850,178.850,7.0
57.000,-136.000,7.0
24.500,120.700,5.5
38.250,26.250,7.3
33.600,104.600,6.5
25.000,121.500,5.5
40.600,33.600,6.1
43.300,147.300,7.0
8.520,92.430,7.9
46.000,14.200,4.8
10.000,-79.000,8.3
-4.500,129.900,7.5
38.100,115.500,5.8
23.800,120.500,6.3
7.400,-76.900,6.0
38.100,46.300,6.2
37.900,112.500,5.5
38.300,26.200,7.3
27.500,52.300,5.8
23.500,120.400,5.3
15.700,39.600,6.2
40.600,-73.750,5.5
7.500,-79.000,7.5
23.000,101.100,6.5
36.950,-3.983,6.7
34.500,105.700,6.0
-2.500,127.500,7.3
41.900,47.800,4.0
,99.500,6.8
42.700,74.100,6.9
36.100,4.600,5.9
25.000,104.000,5.0
37.100,21.500,7.5
32.900,-80.000,7.7
31.000,-109.000,8.0
43.100,76.800,7.3
23.700,102.500,6.8
10.300,-61.100,7.5
36.500,102.200,5.0
38.500,119.000,7.5
-34.500,172.700,7.3
41.300,43.300,6.1
13.500,121.000,6.8
43.200,78.700,8.3
32.800,130.700,6.3
1.000,126.250,8.0
39.200,26.000,6.9
-7.000,113.500,6.0
6.800,-6.700,4.7
36.600,54.600,7.2
36.900,112.900,5.5
37.100,111.900,5.8
-37.400,174.400,6.2
-9.000,124.000,7.0
35.500,137.000,8.4
38.500,-121.900,6.2
14.000,143.300,7.5
-3.000,127.750,7.0
37.700,20.900,6.4
40.500,25.500,6.5
38.300,38.300,6.7
37.700,20.900,6.4
36.600,101.800,5.5
40.200,19.700,7.5
-17.750,168.300,6.0
30.500,101.500,6.8
37.200,58.400,6.6
41.700,82.800,6.8
41.200,80.300,6.5
42.500,146.000,7.9
38.600,23.200,6.7
38.700,23.100,6.9
8.500,-71.700,8.2
35.700,139.900,7.5
37.750,21.750,6.3
38.900,139.800,7.0
-32.000,-68.500,7.5
37.100,58.400,6.8
-8.400,150.100,7.3
46.100,14.500,6.1
39.500,20.500,7.5
40.000,20.100,6.4
39.500,53.700,8.2
-38.800,176.000,6.0
23.500,116.500,6.0
40.667,-74.883,4.3
29.200,104.900,5.8
38.000,76.000,6.5
39.500,144.000,8.3
37.000,71.000,7.5
-3.500,102.500,6.8
39.700,75.900,6.6
43.500,146.000,7.6
26.950,56.260,6.1
40.000,140.000,8.3
38.100,141.900,7.4
-6.800,120.800,5.5
24.700,121.800,6.0
-37.300,139.700,6.5
12.000,124.000,7.9
17.000,-96.300,7.0
26.000,91.000,8.0
16.000,-95.000,7.0
38.000,143.700,7.7
18.000,120.000,7.9
39.000,143.000,7.9
-11.900,-76.800,7.7
6.000,122.000,8.6
6.000,122.000,8.7
12.000,126.000,8.1
12.000,126.000,7.9
36.500,54.900,4.3
38.200,-122.400,6.5
38.600,142.000,7.2
12.000,-86.000,7.9
39.800,76.600,6.0
52.000,172.000,7.6
-36.830,-73.030,6.5
39.750,20.750,6.2
39.100,113.000,5.5
37.250,21.750,6.6
17.000,-98.000,8.4
-21.970,-63.670,6.9
18.000,-77.000,7.8
60.000,-142.000,8.2
60.000,-140.000,7.8
60.000,-140.000,8.2
37.930,28.840,6.7
-3.000,128.500,7.8
53.000,159.000,7.9
31.900,132.000,7.1
33.500,-117.000,6.4
41.600,43.500,5.6
36.500,133.500,7.8
20.000,-105.000,7.4
20.000,-105.000,7.8
10.000,-85.500,7.5
40.300,43.100,5.9
-10.000,165.000,7.6
-4.000,152.000,6.8
4.600,-74.000,7.9
-4.000,140.000,6.9
57.090,-153.480,8.3
11.000,-66.000,8.4
43.000,146.000,7.9
-2.000,-82.000,7.8
26.000,100.100,6.0
36.000,-120.500,6.4
43.400,28.700,6.4
43.400,28.500,7.2
45.000,148.000,7.5
27.000,130.000,7.9
40.500,142.500,7.9
-22.000,170.000,8.4
40.600,142.300,8.2
40.500,142.500,6.3
11.000,-86.500,7.0
40.000,41.500,6.1
14.000,122.000,7.8
39.400,26.700,5.9
51.450,-171.020,7.8
52.400,-167.500,7.8
17.600,-99.700,7.0
14.710,-91.590,6.3
-8.000,150.000,7.8
-20.000,-174.000,7.8
40.700,48.600,6.9
13.500,-89.500,7.0
40.700,33.600,5.5
14.000,-91.000,7.5
50.000,148.000,8.0
40.750,23.250,6.6
7.500,123.500,7.3
39.880,76.200,7.7
26.300,99.900,5.5
18.000,146.000,8.1
16.600,-92.600,7.8
29.000,-114.000,7.8
40.800,72.300,6.4
-20.000,-175.000,8.0
15.000,-98.000,7.7
48.000,98.000,7.8
-8.000,106.000,8.1
32.200,35.300,5.7
-3.000,127.500,6.5
39.100,42.500,6.3
-17.000,168.000,7.9
40.900,42.700,5.8
61.560,-158.540,8.3
4.600,-74.000,7.7
36.000,23.000,7.8
35.200,58.200,6.5
-28.500,-71.000,6.5
7.000,126.000,7.8
7.000,-79.000,7.9
42.500,145.800,7.6
41.800,23.200,7.5
41.800,23.200,7.8
23.500,120.500,6.0
40.000,134.000,7.9
52.000,159.000,8.3
52.000,159.000,8.1
52.000,159.000,7.9
-40.500,177.000,7.5
37.750,27.000,6.2
30.000,130.000,7.9
64.660,-148.080,8.3
31.200,100.900,6.0
-1.000,-80.500,7.7
23.500,120.300,6.3
9.200,-82.800,7.2
9.850,-84.680,6.8
1.000,123.000,8.4
50.730,-178.550,7.9
-27.500,-173.000,7.5
33.000,76.000,7.8
40.200,29.000,6.5
-4.000,149.000,7.5
42.100,19.600,6.6
34.000,132.000,7.8
-1.000,-168.000,7.6
37.400,142.600,7.0
49.000,99.000,8.4
49.000,98.000,8.4
45.000,143.000,7.5
39.000,16.000,7.9
53.000,164.000,7.8
44.500,37.500,5.1
42.000,23.000,6.4
42.000,42.000,7.5
29.300,104.800,5.0
40.250,24.200,7.8
38.100,38.600,6.8
11.000,123.500,6.5
26.600,104.100,5.5
34.000,138.000,8.4
1.000,-81.500,8.6
3.500,-76.200,7.7
41.100,20.000,6.5
23.600,120.500,6.8
24.500,118.500,6.5
19.000,-113.800,7.5
23.400,120.400,6.5
37.670,-122.480,7.9
24.600,98.600,5.3
4.600,-74.000,7.7
4.600,-74.000,7.7
51.050,179.690,7.8
-33.000,-72.000,8.2
9.000,38.400,6.8
-7.000,149.000,8.0
-2.000,-79.000,7.9
-4.000,149.000,7.2
-22.000,109.000,7.8
6.500,.300,5.0
15.000,-61.000,7.9
43.500,85.000,8.3
56.850,-153.900,7.6
-18.000,-71.000,7.9
2.000,94.500,7.8
18.200,-76.800,6.5
-13.200,-75.400,7.6
3.000,122.000,7.3
17.000,-100.000,8.3
14.000,123.000,7.6
13.500,123.000,7.4
-7.500,153.700,7.7
51.500,147.000,7.9
1.000,127.000,7.9
41.100,20.100,6.2
52.590,-169.730,7.8
59.500,-135.500,5.5
28.000,-112.500,7.7
38.500,67.900,7.4
38.133,16.017,5.9
-3.100,142.500,7.4
-2.000,100.000,7.5
61.000,-146.200,6.0
9.000,126.000,7.5
-10.000,129.000,6.6
18.000,-99.000,8.1
17.000,-101.000,7.5
3.000,123.000,7.5
19.000,-155.000,6.8
36.500,70.500,7.0
45.000,150.000,7.6
-14.000,-78.000,8.2
26.500,97.000,7.5
38.170,15.580,7.0
38.600,26.900,5.8
33.000,50.000,7.7
40.200,37.800,6.3
-18.000,-179.000,7.8
34.500,141.500,6.7
34.500,141.500,7.5
52.000,175.000,7.8
25.000,121.500,7.3
38.900,-8.800,6.6
24.400,103.000,6.5
-2.000,101.000,7.6
-26.500,-70.500,7.6
43.700,5.400,6.2
36.500,70.500,8.1
37.900,21.500,5.7
16.800,-99.800,7.8
35.400,136.300,6.9
30.000,68.000,7.2
40.300,29.600,5.8
17.000,-101.200,4.7
32.000,131.000,7.9
24.400,121.800,7.3
-10.000,165.000,7.7
12.500,145.000,8.0
17.000,-85.000,7.5
35.000,122.000,6.8
33.000,138.500,7.4
-4.250,152.250,6.0
25.500,122.500,7.8
42.000,145.000,7.5
-20.000,169.000,7.5
40.900,15.400,5.9
-19.000,169.500,7.9
36.000,4.000,6.4
40.900,34.600,6.1
16.800,-95.900,6.9
-16.000,166.000,7.9
-14.000,166.500,7.2
-8.000,167.000,8.0
-8.000,31.000,7.3
4.500,126.000,7.5
4.000,127.000,6.7
9.000,125.500,6.2
43.500,77.500,7.7
39.800,114.500,5.5
38.200,72.800,7.4
41.100,20.700,6.7
31.230,57.030,6.7
51.800,156.000,7.6
23.000,115.300,5.5
17.500,-102.500,7.9
28.000,130.000,8.0
36.000,70.500,7.6
9.000,126.000,7.8
43.200,.200,5.0
7.000,137.000,7.7
-20.000,-72.000,7.3
60.500,-149.000,6.9
37.700,15.200,4.3
17.000,-100.700,7.6
38.000,20.500,7.0
64.000,-20.000,7.5
21.000,97.000,8.0
40.500,142.000,6.6
-5.620,-80.413,7.0
40.500,27.200,7.8
7.000,138.000,7.5
7.000,138.000,6.9
57.500,-155.000,7.5
19.900,-99.800,7.8
-29.000,-62.500,7.5
46.000,152.000,7.5
-41.800,171.500,6.8
-3.400,-79.600,7.7
5.354,126.121,7.8
26.800,53.700,5.8
9.500,127.800,7.7
-5.000,154.000,7.5
43.500,25.500,6.8
-20.000,-174.000,7.6
-16.600,-73.300,7.0
47.500,155.500,7.7
-17.000,-74.000,7.9
28.400,102.300,6.0
-7.000,148.000,7.0
-19.500,169.000,8.1
-14.200,-72.900,6.3
-18.000,169.000,7.5
24.150,102.450,7.0
31.580,130.670,7.1
-35.000,-73.000,7.6
-17.000,-72.000,7.2
39.200,139.800,7.2
16.800,-92.200,7.5
37.700,15.200,4.9
-1.829,136.943,8.1
39.200,36.000,5.6
-.200,-78.200,5.8
-3.924,101.820,7.6
43.500,91.500,7.5
37.820,30.270,7.0
38.250,23.250,6.0
6.000,132.500,7.6
22.000,143.000,8.1
38.800,20.600,6.3
42.000,13.500,7.5
23.600,123.500,7.7
47.000,155.000,8.1
-18.500,-68.500,7.6
32.800,-115.500,6.2
53.500,163.300,7.3
38.500,20.700,6.7
14.000,-89.000,7.9
40.500,-117.500,7.6
38.300,142.900,7.8
-1.000,136.000,6.0
18.000,119.500,6.4
29.500,91.500,7.0
14.560,-88.760,6.6
-4.739,152.548,7.9
-3.000,136.000,8.1
-3.000,135.500,8.1
41.000,37.000,7.8
29.500,131.500,8.0
48.500,178.500,7.7
11.000,-86.000,7.5
53.300,-170.000,7.5
33.000,141.000,7.8
18.500,-68.000,7.2
9.600,-82.000,7.0
-28.500,-63.000,7.5
38.817,15.233,5.1
-4.000,144.500,7.5
-21.000,-68.000,7.5
30.000,81.000,7.7
23.700,120.900,6.5
-9.000,113.000,7.3
46.300,14.600,4.9
46.500,160.000,7.7
24.000,121.000,6.0
23.900,120.900,6.3
-7.000,116.000,6.6
31.300,116.200,6.3
24.470,118.080,6.5
45.900,15.600,5.6
56.500,163.000,7.8
6.000,125.000,6.4
43.500,12.100,5.5
-29.200,-177.000,8.0
23.200,121.600,5.8
54.790,-169.120,7.9
13.820,-89.310,6.7
-15.500,-173.000,8.3
25.000,123.000,7.7
-3.000,143.500,7.7
28.000,104.000,6.8
42.500,131.000,7.5
-7.500,128.000,7.8
4.000,-74.000,7.3
-29.000,-177.500,7.5
14.600,-90.600,6.0
15.000,-97.000,7.7
45.400,136.500,7.7
6.500,126.500,7.5
23.500,117.200,7.3
33.700,-117.000,6.8
-28.500,-71.500,7.9
-3.500,142.500,7.5
24.500,91.000,7.6
26.900,103.000,5.5
5.500,123.000,8.3
45.500,151.500,8.3
18.500,-67.500,7.3
44.500,151.500,7.8
-7.000,129.000,8.1
-26.000,-71.000,7.8
8.000,126.000,7.4
-19.500,-176.500,8.3
13.690,-89.190,5.9
-18.352,-172.515,8.1
40.500,145.500,7.6
-4.852,153.714,7.8
44.000,11.500,6.2
12.330,-88.291,6.6
-16.500,180.000,6.9
41.400,12.600,5.6
19.260,-96.970,7.8
-6.500,150.000,7.7
42.000,44.100,6.2
23.500,122.700,8.0
-38.000,-73.500,7.0
44.300,10.300,5.8
-19.919,168.530,7.8
40.200,20.000,6.0
36.601,105.317,8.3
-32.700,-68.400,6.0
40.500,19.500,5.6
15.000,-91.000,7.5
19.700,-104.300,7.7
.700,117.900,6.2
15.600,39.600,5.9
-11.000,111.000,7.5
3.800,16.300,4.8
8.000,127.000,7.5
36.500,70.500,7.8
-2.500,-71.000,7.6
-16.500,-73.000,7.2
2.500,-71.000,7.6
-2.500,-71.000,7.6
-7.000,143.000,7.5
41.000,-125.500,7.6
11.700,-70.850,6.4
10.200,124.100,6.3
9.000,123.250,6.0
44.400,20.400,6.0
36.300,1.300,5.1
24.500,122.000,7.6
-16.000,-72.500,7.4
47.000,151.800,7.5
-28.553,-70.755,8.7
36.500,70.500,7.5
-43.000,173.000,6.3
40.800,-124.500,7.2
54.000,161.000,8.3
37.600,57.300,5.5
-.400,-78.300,6.8
55.000,162.400,7.7
6.500,124.000,7.2
31.500,101.000,7.3
56.500,162.500,7.2
-28.750,-71.750,7.0
35.200,59.200,5.7
9.300,125.000,5.5
35.100,139.500,7.9
34.900,140.200,7.7
37.200,57.700,6.4
29.200,56.900,6.9
-1.750,128.750,7.5
-4.500,151.500,7.2
-5.000,152.000,7.2
1.000,-77.500,5.3
-1.600,-78.600,6.9
49.179,142.436,6.8
35.100,5.200,5.6
6.500,126.500,8.3
16.000,118.000,6.5
39.700,42.800,5.3
-56.000,157.500,7.8
44.737,147.416,7.6
36.800,83.800,7.3
-49.500,159.000,7.5
8.500,126.500,7.3
40.000,42.000,6.8
41.200,42.800,5.8
60.000,-146.000,6.8
25.700,100.400,7.0
-18.500,168.500,7.6
9.300,122.700,6.8
-26.000,-71.500,7.1
35.750,134.750,6.8
12.200,122.100,6.3
46.400,-111.240,6.7
34.418,-120.196,6.8
38.000,30.500,5.9
12.200,-85.200,6.7
11.000,-42.000,7.5
27.000,100.000,5.8
13.000,125.000,7.3
18.500,-107.000,7.0
34.600,58.100,5.5
28.500,51.200,5.5
-10.000,161.000,7.5
36.500,27.500,7.9
-.700,100.600,5.8
27.000,127.000,7.5
38.567,14.833,5.3
-9.674,159.519,6.9
-49.000,161.000,7.9
40.700,43.700,5.7
-3.500,138.500,7.9
12.300,-85.800,7.0
25.600,100.300,5.5
-28.000,-71.000,6.0
41.000,19.500,5.8
32.500,-115.500,5.8
35.600,135.100,7.3
26.000,103.000,6.0
24.100,102.000,5.0
44.100,20.500,5.9
36.750,102.000,7.6
44.400,34.400,6.0
36.750,22.750,7.3
32.000,35.500,6.3
37.900,142.000,6.9
34.200,142.000,6.9
23.000,120.500,6.8
44.400,34.500,6.8
44.400,34.300,5.7
57.690,-136.070,7.1
34.813,-120.774,7.3
-44.600,-73.000,7.1
25.200,102.500,5.5
-.700,119.700,6.3
55.663,160.039,7.5
49.000,-125.000,5.8
17.800,-97.600,7.7
38.800,16.000,6.0
31.600,60.000,5.0
-2.500,88.500,8.1
-22.000,170.500,7.5
15.670,-96.100,7.7
46.400,13.000,5.8
38.100,27.400,6.5
-13.000,-69.500,6.9
42.200,25.300,6.8
17.750,-97.100,7.8
42.100,25.000,7.0
38.000,23.000,6.0
38.000,23.500,5.0
38.000,23.000,5.2
-13.000,-69.500,6.8
40.800,26.800,4.3
-5.000,-78.000,7.3
12.400,120.900,7.0
16.028,-97.036,7.7
-5.500,-79.000,7.0
31.500,120.500,5.8
37.300,57.900,5.4
16.000,-97.000,7.6
-22.500,-70.500,7.1
-35.000,-72.000,7.6
7.000,124.000,7.3
49.800,154.800,7.7
40.700,111.600,6.0
10.500,-64.200,6.9
25.500,98.000,5.5
36.500,70.500,7.1
51.000,-170.000,7.8
37.800,57.600,7.4
40.200,37.900,6.5
31.700,132.200,6.8
51.000,-131.000,7.0
8.500,127.000,7.2
-41.750,172.250,7.5
-54.000,-29.500,7.8
37.500,58.000,5.8
32.200,49.700,6.2
63.900,-21.700,6.3
-23.000,-69.000,7.5
44.690,-56.000,7.3
52.500,171.500,7.8
32.200,119.400,5.5
40.400,20.500,5.6
35.800,24.800,6.7
17.300,96.500,7.3
38.100,44.700,7.5
26.800,103.000,6.0
-5.600,105.300,6.0
25.500,90.000,7.1
37.800,-4.500,5.6
-9.300,114.300,6.5
41.100,15.400,6.5
30.000,100.000,5.5
34.030,-118.643,5.2
25.800,98.400,6.5
38.400,68.500,6.3
-4.423,145.460,6.6
35.800,52.100,5.0
43.667,13.267,5.9
40.500,19.500,6.0
35.000,139.000,7.1
40.300,19.600,5.0
18.200,96.400,7.3
23.200,120.600,6.3
23.200,120.600,5.5
-1.300,144.300,6.5
-24.700,-66.300,6.0
-28.500,-71.000,6.0
38.000,23.000,5.3
16.100,-96.800,7.9
25.600,96.800,7.6
40.600,20.800,5.8
-39.772,176.025,7.7
-39.500,177.000,7.1
41.000,22.500,6.9
40.500,142.500,7.7
-32.500,-72.000,7.1
18.300,120.200,6.9
13.200,-85.700,5.6
39.200,46.000,6.3
54.000,1.067,6.0
-3.417,142.077,7.0
47.100,89.800,8.0
29.800,67.300,7.4
36.100,139.200,7.0
-5.000,102.750,7.4
-10.932,161.016,7.8
-9.968,161.194,7.7
32.000,131.500,7.5
-12.000,-77.500,6.8
20.000,-75.800,5.4
30.100,101.800,6.0
-17.500,179.600,6.2
31.400,115.000,6.0
.500,126.000,7.4
36.600,53.400,5.4
12.000,-87.500,7.6
-25.500,179.200,7.9
19.500,-104.250,8.1
19.452,-103.632,7.9
19.000,-104.500,6.9
26.000,95.500,7.0
-39.000,177.500,6.8
40.500,23.900,6.9
40.500,23.800,6.2
-32.000,-131.500,7.5
38.700,-117.800,7.2
39.700,96.700,7.6
31.800,102.200,5.0
-20.000,-71.000,7.6
39.224,144.622,8.4
33.620,-117.970,6.3
36.800,27.200,6.4
12.000,-87.500,6.9
-5.500,104.800,7.5
31.900,103.400,7.5
29.500,102.500,5.0
-2.000,-81.000,6.9
-22.000,-70.500,5.5
73.122,-70.014,7.7
32.100,56.000,6.3
23.700,102.700,6.0
26.773,86.762,8.0
41.000,108.800,6.3
17.500,119.000,7.9
-40.500,175.500,7.5
8.000,-82.500,7.7
-11.907,166.731,7.8
-11.139,165.503,7.1
24.800,121.500,6.5
18.500,-105.500,7.0
-19.500,-69.500,6.9
31.800,-115.500,7.1
40.500,27.500,6.2
35.800,25.000,6.7
36.300,53.300,6.0
36.300,53.500,6.3
24.300,120.800,6.0
29.400,102.300,6.0
39.300,40.600,6.1
24.800,120.800,6.0
29.500,66.800,7.5
24.200,120.500,5.8
35.000,138.000,6.3
24.600,120.800,6.5
43.000,146.500,7.6
-3.824,141.416,7.8
46.600,-112.000,6.2
46.600,-112.000,6.0
5.500,94.000,6.5
-9.800,161.000,7.6
28.700,103.600,6.0
,98.250,7.9
1.100,-77.600,7.0
35.400,103.400,6.8
4.500,126.500,7.7
22.500,109.400,6.8
28.600,103.600,6.8
55.000,165.000,7.2
33.000,60.000,6.2
35.200,127.600,5.0
-24.500,-70.000,7.3
34.200,105.700,6.0
26.600,103.000,5.5
22.300,120.800,7.2
6.100,94.700,7.3
39.500,74.200,5.5
55.200,164.000,7.3
35.500,97.600,7.5
36.400,7.500,5.2
44.500,149.400,7.6
-21.500,-177.000,8.1
18.800,-97.500,7.7
35.400,115.100,7.0
14.500,121.500,7.5
37.800,112.500,5.0
-9.400,110.200,7.2
36.500,70.500,7.2
22.900,121.200,7.0
16.700,-98.500,7.5
-10.500,-76.500,6.2
-5.250,130.500,8.5
52.200,-131.900,6.3
39.400,33.800,6.7
-6.000,147.800,7.5
21.700,99.500,6.0
-1.000,120.000,7.6
43.600,144.300,6.1
25.208,125.115,7.6
-.300,-78.400,6.3
37.100,141.700,7.7
37.200,141.700,7.6
37.500,142.200,7.5
37.000,141.700,7.1
55.480,-158.370,8.2
37.000,141.500,6.0
22.900,121.500,7.0
36.300,30.700,5.3
-36.250,-72.250,8.3
-7.080,155.386,7.7
32.300,132.000,6.6
-27.000,-70.500,7.4
-9.295,159.234,7.9
40.100,139.500,7.0
13.500,121.250,6.5
37.053,-24.427,6.5
5.180,-.130,6.4
22.200,-79.100,5.6
24.400,102.500,5.5
39.100,26.800,6.5
39.700,40.400,5.9
36.300,70.600,6.9
,123.000,8.0
39.770,39.533,7.7
38.100,13.500,4.8
42.700,121.300,6.0
23.900,102.300,6.0
41.700,43.800,6.0
32.733,-115.500,7.2
-10.500,-77.000,8.2
24.400,102.500,5.5
52.000,178.200,7.4
44.200,139.500,7.5
40.200,122.000,5.8
-22.000,-71.000,7.3
-41.500,-74.500,7.0
45.800,26.800,7.3
16.400,43.500,5.9
-4.175,152.071,7.4
40.500,-125.250,6.6
33.500,58.600,6.3
18.900,-102.900,7.9
47.000,127.200,6.0
23.600,99.400,7.0
12.500,92.500,7.6
39.500,43.300,6.0
31.700,102.300,6.0
39.700,39.400,5.9
32.000,132.100,7.4
37.417,-18.983,8.3
8.700,-83.200,7.6
8.500,-84.000,6.9
23.300,120.300,7.1
22.700,99.900,7.0
23.100,100.300,6.8
13.500,121.000,7.8
-.750,-81.500,7.9
4.600,-74.500,5.8
,124.000,7.5
43.000,122.000,6.0
14.000,-91.000,7.9
-15.000,-76.000,8.2
41.700,20.400,6.0
-49.500,32.000,7.9
39.200,28.200,6.1
40.900,36.500,7.3
43.400,17.200,6.0
40.800,30.500,6.6
-2.100,-80.500,6.9
-14.200,-71.500,5.0
16.700,-101.500,7.5
39.300,73.300,6.5
-30.750,-72.000,8.2
36.100,4.500,5.0
7.500,128.000,8.1
-1.000,101.000,7.6
40.600,30.500,6.2
30.600,104.100,5.0
-9.500,110.000,8.1
19.300,-67.500,7.8
-53.000,159.000,7.9
35.300,133.900,7.4
-22.000,171.000,7.5
-30.000,-177.000,7.6
21.500,93.500,7.2
-6.000,134.500,7.6
41.000,33.700,7.6
54.900,156.800,7.6
-31.500,-68.500,7.8
41.400,32.700,7.4
44.000,84.000,7.2
-8.500,123.500,7.5
36.800,54.500,4.8
-2.500,152.800,7.5
38.900,29.300,6.0
36.700,22.500,5.7
44.957,-74.723,5.6
39.100,75.000,7.0
-22.500,172.000,7.5
39.400,26.700,6.8
-19.000,169.000,7.5
34.000,137.100,8.1
34.700,137.200,7.1
,32.000,6.0
37.400,35.800,6.0
2.500,15.600,6.2
39.500,119.000,6.3
24.500,63.000,8.0
-6.000,150.000,7.8
35.750,5.000,5.6
38.200,31.800,5.6
53.492,-162.832,8.6
39.300,41.200,5.9
49.870,-124.920,7.3
-26.500,-70.500,7.9
19.250,-69.000,7.9
19.500,-69.500,7.5
23.900,96.200,7.5
23.900,96.200,7.8
-4.500,153.500,7.7
-14.000,-76.250,7.0
41.500,72.500,7.6
39.300,55.400,7.5
-8.500,-77.500,7.3
23.100,120.300,6.8
33.000,135.600,8.1
33.300,99.500,7.7
-38.850,178.870,7.1
25.000,102.000,5.5
35.000,-116.600,6.4
-6.500,148.500,7.3
-38.420,178.880,6.9
26.700,102.900,5.5
37.500,57.800,4.1
28.500,94.000,7.9
25.500,63.000,7.6
37.000,8.000,5.3
33.400,58.700,6.9
37.000,22.000,6.9
-10.500,-75.000,7.3
43.800,141.000,7.0
10.500,122.000,8.3
35.500,27.000,7.1
-3.000,127.500,7.9
38.532,20.425,6.5
-17.400,-71.000,7.1
54.500,-161.000,7.5
29.500,100.500,7.3
-13.100,-76.200,6.8
6.000,95.000,6.2
26.400,99.700,6.8
36.500,136.000,7.3
38.500,20.500,6.4
-21.000,-174.000,7.9
37.950,58.320,7.3
27.400,104.000,5.8
22.000,-106.000,6.9
-22.500,-69.000,7.0
42.000,84.000,7.3
36.000,70.500,7.5
47.167,-122.617,7.0
-38.000,-73.500,7.3
27.280,56.460,6.3
5.000,95.000,6.7
39.200,70.800,7.4
38.580,26.230,6.7
-1.400,-78.500,6.7
-1.500,-78.200,6.8
-18.500,-174.500,7.5
39.000,40.500,6.8
53.620,-133.270,8.1
17.000,121.500,6.4
-5.500,154.000,7.5
30.300,102.500,5.5
-54.000,-71.000,7.8
-54.000,-71.000,7.8
17.000,121.630,7.2
-53.500,-71.500,7.0
21.700,100.100,7.0
46.000,144.000,7.9
-37.800,177.200,5.8
-15.000,-69.500,7.9
-13.500,-72.000,6.0
-6.000,113.000,6.5
10.500,-68.000,6.8
-1.500,-78.200,6.8
28.500,96.500,8.6
23.500,103.100,5.8
11.000,-85.000,7.7
-3.800,128.300,7.6
14.310,-91.917,7.5
-6.500,129.500,8.1
-10.000,159.500,7.3
16.500,-100.400,6.8
-18.250,167.500,7.8
-23.500,-67.500,8.0
-14.250,-75.750,7.0
-19.500,-176.000,7.7
16.480,-98.220,7.5
9.500,127.300,7.8
13.000,-87.800,6.5
-15.000,-69.500,7.9
16.100,-96.800,6.2
13.000,-87.500,6.0
13.000,-87.500,5.5
40.800,33.400,6.7
19.700,-156.000,6.9
23.800,121.700,7.3
31.100,91.400,7.5
22.900,121.500,7.5
-34.000,57.000,7.9
26.700,100.000,6.3
39.900,41.700,6.0
-14.100,-69.900,7.5
42.150,143.850,8.1
41.700,142.500,7.1
9.500,127.250,7.8
22.700,99.800,6.5
-18.500,169.250,6.8
35.000,-119.017,7.7
35.333,-118.917,5.8
28.300,102.200,6.8
39.000,112.700,5.5
36.500,35.500,5.0
52.755,160.057,9.0
22.900,99.700,5.8
18.400,-73.400,5.7
35.400,55.100,6.4
-12.000,-77.500,5.5
50.000,156.500,5.8
40.000,27.500,7.5
-4.449,152.868,7.4
24.200,103.200,5.0
-36.500,-72.500,7.6
19.800,-70.700,7.2
-19.000,169.000,7.5
38.100,20.600,6.8
38.300,20.800,7.2
35.000,32.500,6.5
-18.300,178.200,6.4
-13.189,166.516,7.5
34.000,141.700,7.4
-22.100,-68.700,7.4
-3.400,-80.600,7.4
17.300,-92.600,6.2
39.000,101.300,7.3
-34.900,138.700,5.4
24.500,95.300,7.4
37.000,-3.500,7.0
39.800,22.100,7.0
29.500,-29.500,7.5
39.300,22.200,7.0
31.600,116.600,5.3
13.000,123.900,6.8
39.400,-118.500,6.8
38.800,104.200,7.0
27.500,52.000,5.0
39.600,-118.500,6.8
36.283,1.467,6.7
36.000,1.500,6.7
36.000,1.500,6.0
29.400,104.800,5.0
-8.000,119.000,6.8
38.900,142.200,6.5
39.300,-118.200,7.0
-28.000,-175.500,7.8
8.100,123.200,7.6
13.000,-87.000,6.2
30.000,101.800,7.5
39.900,74.600,7.0
39.400,23.100,6.2
-30.000,-72.000,7.1
39.500,23.000,6.0
44.200,83.600,6.5
6.500,94.000,7.3
26.500,101.100,6.0
37.500,27.000,6.8
.200,-78.400,6.0
10.000,-84.500,5.8
-6.900,155.700,6.5
32.200,29.600,6.3
26.600,101.800,6.8
29.900,101.400,5.8
-5.000,152.500,7.3
17.000,-99.500,6.5
-19.000,-70.000,7.1
-20.000,-175.000,7.7
47.500,19.300,5.8
-.500,-80.500,7.3
12.200,-86.700,7.3
45.500,14.300,4.5
40.000,30.500,5.8
-38.900,175.700,5.3
35.500,35.500,5.8
-15.000,-179.000,7.5
35.100,67.500,7.6
36.900,26.000,7.8
36.800,25.200,6.8
22.200,95.700,7.0
-5.500,130.000,7.5
23.000,70.000,6.1
33.800,138.800,6.5
37.800,114.000,5.0
46.000,150.500,7.6
27.200,54.400,6.8
39.500,23.000,5.7
40.500,115.500,5.0
36.200,8.900,5.6
23.900,121.600,7.2
39.400,22.800,7.0
51.292,-175.629,8.6
55.000,-165.200,7.5
-15.500,-173.000,7.5
-4.600,107.100,7.5
36.000,28.500,6.9
36.400,28.700,7.1
40.700,30.900,7.1
38.000,112.500,5.0
-1.500,137.000,7.3
56.200,116.400,7.6
36.100,52.700,6.6
16.500,-99.100,7.9
-23.500,-71.500,7.0
5.500,127.500,7.6
-20.400,-178.500,7.5
-2.000,116.000,6.0
-21.000,-66.000,7.8
45.500,99.500,8.1
34.300,47.800,7.1
-12.300,166.700,7.8
-16.500,-72.000,7.3
1.500,-79.500,7.6
31.500,104.000,6.2
25.000,125.000,7.5
-4.500,104.000,6.7
58.370,-136.665,7.8
-13.500,-69.000,7.5
34.400,47.900,6.7
-33.785,-70.112,6.8
22.500,109.500,5.8
-9.500,112.500,6.7
-50.000,-115.000,6.1
44.530,148.540,8.3
-4.000,-81.500,7.4
44.000,6.800,5.5
44.300,149.000,5.0
37.000,28.700,6.3
24.780,122.700,7.5
52.500,159.500,8.2
17.000,-96.300,6.8
-20.369,-68.000,7.5
53.900,160.500,7.0
31.800,115.300,5.0
35.600,110.900,5.4
22.180,121.130,7.0
-7.500,156.000,7.3
44.712,-111.215,7.7
18.300,-94.400,6.9
40.900,19.800,6.1
-28.500,-177.000,7.7
39.100,41.600,6.2
45.890,151.110,7.2
36.400,2.600,5.5
38.750,75.317,6.4
-15.750,-72.750,7.8
-15.000,-75.000,7.0
33.800,104.500,5.3
36.000,4.100,5.6
30.450,-9.620,5.9
39.800,143.400,7.5
39.400,143.700,6.7
44.700,127.000,5.8
28.000,54.500,6.0
-37.872,-73.243,8.2
-38.143,-73.407,9.5
40.000,20.000,6.5
-9.400,152.300,6.6
40.300,142.500,6.7
-3.600,29.000,6.6
-38.500,-75.100,7.4
32.700,103.700,6.8
-6.800,-80.700,6.7
50.016,156.099,6.6
24.900,93.340,7.6
31.600,131.800,7.3
-28.300,-175.700,7.5
30.500,110.000,4.9
-8.200,122.000,6.5
39.800,77.700,6.8
36.700,28.500,6.5
10.400,39.900,6.5
27.900,54.600,6.6
24.970,98.630,5.8
8.900,-73.400,6.5
27.730,99.750,6.0
-18.421,168.411,7.3
-9.849,160.614,6.4
46.338,149.548,6.7
36.000,136.700,7.3
-10.500,-70.700,7.5
-59.500,-27.300,7.5
-58.000,-27.000,7.7
-56.260,-27.283,7.7
34.330,104.780,5.7
-36.700,-73.000,6.5
4.600,-75.600,6.9
43.300,17.100,5.9
43.300,17.100,6.1
-37.800,-72.500,7.3
36.000,9.000,5.3
8.008,-82.757,6.8
40.900,19.500,6.0
23.720,114.670,6.1
38.073,142.741,7.2
-10.000,-79.000,6.3
23.600,106.100,5.5
45.000,5.600,5.3
38.800,140.900,6.8
17.200,-99.600,7.0
17.200,-99.500,7.2
37.100,96.000,6.8
41.800,142.400,5.7
39.800,25.000,4.5
43.600,18.300,6.3
25.200,101.200,6.2
7.500,-82.000,7.4
5.200,-76.400,6.8
44.680,81.580,6.4
41.400,15.500,6.1
37.800,22.900,6.8
41.800,-111.800,5.8
35.630,49.870,7.2
39.900,43.900,5.5
39.600,23.300,5.5
35.100,58.700,5.0
28.100,55.600,5.5
38.120,106.270,5.5
52.470,-168.540,6.5
36.900,57.800,4.5
24.500,122.100,7.3
32.600,21.000,5.4
34.400,47.900,7.2
37.000,57.900,7.0
35.700,97.000,7.0
25.800,99.500,6.0
12.200,-86.900,5.5
-8.200,115.600,6.0
46.100,14.800,4.9
47.900,130.600,5.8
33.200,49.200,5.1
42.100,21.300,6.0
28.200,55.700,5.2
-13.800,-69.300,7.7
39.800,74.200,6.5
33.900,74.800,5.3
-10.472,165.770,7.5
-10.286,165.413,7.5
40.750,29.000,6.1
-10.385,-78.022,7.0
44.426,149.272,7.1
44.770,149.798,8.5
44.772,150.563,7.9
-6.860,129.580,8.3
-6.400,105.400,6.6
-24.800,-176.600,7.5
-3.700,119.400,5.2
23.200,120.600,7.0
26.100,101.000,5.4
38.800,-28.400,4.6
61.017,-147.648,9.2
5.900,95.700,7.0
45.300,18.100,6.0
-4.000,34.900,6.0
40.300,139.000,6.9
40.400,139.000,6.6
38.100,38.300,6.1
38.650,139.200,7.5
-15.500,166.500,7.5
18.300,-100.400,7.4
47.159,153.876,6.8
35.100,111.600,4.7
40.300,28.200,7.0
-5.700,150.700,7.6
35.700,4.400,5.5
35.000,111.630,5.5
-2.400,126.100,7.6
51.290,178.550,8.7
37.600,47.100,5.1
-25.670,-70.630,7.0
39.400,24.000,6.3
36.300,70.700,7.3
-31.810,-71.260,6.0
-32.400,-71.200,7.3
50.320,177.930,7.6
38.600,22.400,7.1
37.700,21.800,6.2
34.900,138.000,6.0
47.400,-122.300,6.6
13.500,-89.300,6.0
44.700,148.700,7.2
28.100,55.900,6.0
53.030,-167.550,6.5
22.400,101.600,6.1
38.267,22.300,6.3
-15.800,167.200,7.6
-15.900,166.800,7.3
16.300,-95.800,7.8
-42.900,-75.130,6.5
43.900,87.800,6.6
27.900,99.700,5.1
39.200,22.000,6.3
26.100,103.100,6.5
26.100,103.100,6.2
37.470,115.030,5.2
39.100,41.600,6.0
37.350,114.920,7.4
24.100,122.600,8.0
37.270,114.970,5.6
.600,30.200,7.0
37.500,115.100,7.6
37.680,115.270,6.2
37.250,114.780,5.3
38.000,42.600,4.8
-10.343,160.883,7.1
29.554,80.854,6.3
38.900,41.300,4.6
44.750,37.000,5.5
28.700,78.900,5.6
39.200,41.600,6.8
37.500,22.100,5.9
4.600,-73.900,5.2
24.000,97.700,5.4
10.800,-69.500,5.0
27.500,100.100,6.4
43.830,125.120,5.2
-10.748,-78.638,8.1
39.200,21.200,5.7
-25.500,-70.700,7.8
-11.893,166.445,7.8
-12.334,166.684,7.2
38.400,22.000,6.0
48.100,102.800,7.5
30.200,104.100,5.5
40.000,20.200,5.6
2.900,-74.900,6.8
-9.200,113.100,6.8
45.530,151.110,7.0
38.500,116.500,6.3
-3.700,119.300,5.5
5.500,97.300,6.1
39.500,21.200,5.9
35.500,-.100,5.0
40.700,30.800,7.3
39.500,40.400,6.2
6.800,-73.000,6.8
10.600,-67.300,6.5
43.200,-.500,5.3
-4.400,152.500,6.4
31.600,100.300,6.8
-10.600,-79.800,7.0
24.500,122.200,7.0
-28.780,-71.190,5.9
41.500,20.500,6.5
37.717,115.217,5.7
17.700,73.900,6.5
36.467,111.217,5.4
-21.700,-69.500,7.5
12.100,-86.200,4.6
37.900,13.100,6.0
37.800,13.200,5.1
43.586,146.701,7.3
-5.500,153.200,7.8
39.368,24.957,7.2
32.000,130.600,6.3
36.080,5.070,4.9
37.700,-29.400,7.6
-.600,34.400,4.6
32.300,132.500,7.5
44.080,8.000,4.6
39.200,44.300,5.3
40.800,143.200,8.2
41.500,142.700,7.5
-41.700,172.000,7.1
-2.900,139.300,7.7
39.100,46.100,5.0
39.400,143.100,7.2
-5.600,-77.200,7.0
29.800,51.200,5.3
-30.800,-178.400,7.3
16.500,122.200,7.3
16.500,-97.800,7.5
1.400,126.200,7.6
.200,119.800,7.4
34.000,59.000,7.3
39.100,46.200,5.0
34.000,58.200,6.5
41.800,32.300,6.6
33.900,58.200,5.4
10.500,-62.600,6.2
39.200,40.100,5.1
15.500,-92.700,5.7
26.300,140.600,7.5
-31.600,117.000,6.9
-3.400,143.300,7.5
42.100,19.300,5.3
37.100,57.900,5.6
-7.900,158.900,7.5
45.000,143.200,7.6
4.800,127.400,7.5
41.450,79.367,6.3
-3.100,118.900,7.4
36.017,-10.950,7.8
39.200,28.500,5.6
38.600,28.400,6.5
11.900,41.210,6.2
27.700,34.000,7.0
40.700,19.800,5.5
39.200,28.600,5.1
38.200,119.400,7.4
-11.900,-75.100,5.9
22.317,111.800,6.4
-6.600,146.900,5.4
43.200,12.400,4.7
43.600,147.900,8.2
39.700,74.800,5.5
-32.900,19.700,6.3
-11.700,-75.100,6.2
38.467,-122.692,4.8
-33.100,19.600,5.8
44.900,17.300,6.0
44.900,17.200,6.4
2.100,94.600,7.7
57.700,163.600,7.3
-.800,-78.300,4.2
15.800,-59.700,7.2
24.100,102.500,7.8
6.800,126.700,7.6
12.600,122.100,7.1
-9.900,-75.600,5.4
57.500,-153.900,6.0
38.600,44.700,4.8
21.700,73.000,5.4
39.200,29.500,7.4
15.780,121.710,7.3
39.100,28.700,5.7
43.000,47.000,5.7
43.000,47.100,6.5
-9.200,-78.800,7.9
42.500,78.800,6.6
-59.100,157.800,7.6
-52.000,-73.800,6.0
-22.280,-70.550,6.4
51.800,-131.000,7.5
38.800,36.700,4.9
32.200,131.700,7.0
37.800,55.900,6.7
-1.500,-72.600,7.1
-14.095,166.570,7.5
44.000,16.000,5.5
6.200,-77.600,6.6
-44.640,173.620,5.1
20.600,122.000,5.3
-4.907,145.471,7.3
-20.940,-69.810,6.0
43.840,39.340,5.1
-4.000,-80.700,7.6
-3.100,139.700,8.1
.600,98.800,7.1
42.500,11.800,4.6
34.412,-118.400,6.5
36.600,55.600,5.3
29.800,51.900,5.1
28.300,55.600,5.9
51.400,-177.200,7.1
37.600,29.800,5.9
38.800,40.500,6.7
18.000,-69.800,6.1
-7.200,109.100,5.2
-25.500,-69.200,6.3
-32.500,-71.200,7.8
-5.500,153.900,7.9
44.800,10.300,5.2
-4.900,153.200,7.9
-2.700,-77.400,6.3
41.400,143.500,7.3
36.300,52.700,5.3
28.900,103.700,5.9
30.000,50.700,4.8
46.500,141.200,7.1
46.700,141.400,5.5
46.400,141.200,6.6
46.300,140.900,6.2
-6.500,146.600,7.0
46.400,141.100,6.1
-14.100,-73.300,5.7
-15.500,167.200,7.1
51.500,179.100,5.7
52.900,159.200,6.3
56.000,163.300,7.8
22.600,122.100,7.6
22.500,122.300,7.5
23.000,122.200,7.7
43.800,13.300,4.8
29.700,50.900,4.5
33.300,140.800,7.2
-6.800,-76.800,6.1
28.400,52.800,6.9
23.600,121.600,6.9
13.400,120.300,7.2
-30.500,-71.800,6.6
3.900,124.300,7.8
43.800,13.300,4.4
36.200,69.700,6.1
30.100,50.800,5.3
56.820,-135.680,7.6
-6.000,152.900,7.1
36.000,73.400,6.2
46.000,-1.100,5.3
37.900,22.400,6.0
38.300,20.300,6.3
-20.000,168.800,7.0
6.500,126.600,7.4
33.300,140.700,7.4
12.400,-86.100,6.2
-30.600,-71.000,5.4
18.480,-103.000,7.5
31.400,100.580,7.6
-39.580,176.570,5.1
34.100,-119.000,5.7
28.580,52.620,5.2
50.500,156.600,7.2
-34.130,150.270,5.5
13.400,122.800,7.5
11.660,43.030,5.9
10.679,-84.759,6.5
4.956,-78.144,6.5
19.936,-155.098,6.5
43.200,145.800,7.7
43.300,146.400,7.1
43.200,146.600,6.6
35.180,86.480,7.5
37.660,15.167,3.5
18.270,-96.600,6.2
-32.500,-71.500,6.7
-60.820,-21.550,7.5
38.900,20.440,5.5
30.570,52.890,5.5
38.460,-28.310,5.1
35.180,23.800,5.6
-14.460,166.600,7.5
-15.120,166.900,7.2
-12.300,-76.350,6.3
-7.500,155.900,7.0
38.600,27.000,5.2
-7.400,155.600,7.1
6.890,-72.930,5.0
31.600,119.200,5.5
34.500,138.700,6.5
28.240,104.010,7.1
10.560,-63.380,6.1
44.970,15.530,4.5
-22.124,-64.638,5.9
45.140,94.030,6.7
7.750,-77.690,7.3
36.000,139.820,5.7
-38.500,-73.400,7.1
-.280,12.920,6.2
43.200,146.700,6.7
-12.270,-77.790,8.1
17.300,-62.000,7.5
28.000,55.800,5.4
35.100,72.900,6.2
42.890,46.990,5.2
-5.000,130.000,5.9
32.460,78.430,6.8
33.000,131.100,5.8
53.110,173.500,7.6
40.640,122.580,7.4
-6.700,106.700,5.6
27.500,56.260,6.1
-29.900,-71.300,6.9
40.420,26.140,6.7
42.060,-112.550,6.0
10.040,-69.750,6.1
33.190,131.300,6.1
-38.180,-73.230,7.7
35.997,-17.649,7.7
43.024,147.734,7.0
21.490,94.700,6.5
36.320,5.241,4.3
-6.590,155.054,7.9
-7.104,155.152,7.7
39.439,-121.528,5.6
38.474,40.723,6.7
31.599,51.037,5.0
-24.894,-175.119,7.8
12.540,125.993,7.6
13.843,144.754,6.1
19.451,-155.033,7.7
-16.265,-172.467,7.8
38.628,21.798,5.5
66.160,-16.580,6.4
-29.208,-177.886,7.8
-28.427,-177.657,8.0
44.915,149.123,7.0
15.324,-89.101,7.5
14.767,-91.061,5.1
36.610,67.790,5.5
41.130,43.010,4.8
40.310,63.770,7.0
.780,-79.800,6.7
40.890,42.850,5.5
46.356,13.275,6.5
40.380,63.470,7.0
24.570,98.953,7.3
24.531,98.710,7.4
17.400,-100.640,6.4
-4.603,140.091,7.1
-8.170,114.888,6.5
4.960,118.310,6.2
39.570,117.980,7.5
39.664,118.401,7.4
6.292,124.090,8.0
7.249,122.939,6.8
37.700,28.890,4.9
46.280,13.157,5.5
46.302,13.197,6.0
46.320,13.130,5.9
-4.517,139.918,7.1
33.800,59.150,6.2
39.120,44.030,7.3
36.510,71.040,6.1
-20.520,-68.920,7.3
-27.953,26.653,5.2
-8.220,115.190,5.2
40.040,70.850,5.9
45.777,26.703,7.5
.450,100.020,6.0
16.770,122.330,7.3
27.610,56.390,6.9
38.560,40.020,4.9
-16.696,-172.095,7.6
31.980,50.680,5.9
-9.828,160.323,6.8
-9.890,160.348,7.6
-9.844,160.822,7.5
-9.965,160.731,8.1
38.934,44.380,5.4
-22.878,-175.900,7.2
46.290,14.290,4.6
-11.085,118.464,8.0
-1.081,146.230,5.5
7.340,-76.300,6.5
-25.856,-175.406,7.2
42.110,23.970,5.1
36.730,55.040,4.9
-31.030,-67.770,7.4
30.950,56.470,5.8
34.809,139.259,6.6
-30.680,-177.360,7.7
39.690,39.790,4.5
38.780,141.950,6.1
38.100,16.030,5.0
29.926,66.302,5.9
17.030,-99.740,6.6
44.026,149.002,6.7
44.140,149.029,6.6
44.209,148.971,6.8
44.932,148.439,7.5
44.244,148.862,7.6
42.839,78.606,7.1
43.269,20.919,5.7
38.391,15.066,5.7
40.759,23.268,5.6
35.100,132.600,4.9
38.190,142.028,7.7
8.249,122.403,6.9
40.739,23.229,6.4
22.282,121.512,7.4
14.843,-91.022,4.5
-26.510,-70.540,7.0
34.350,-119.700,5.6
36.630,-6.871,4.4
48.290,9.010,5.3
33.386,57.434,7.8
39.350,72.610,6.8
16.010,-96.591,7.7
44.592,146.581,7.5
32.140,49.650,6.2
23.247,122.075,7.0
33.897,59.472,6.8
-16.390,-72.658,6.9
40.232,143.703,6.4
60.691,-141.671,7.5
17.813,-101.276,7.6
41.956,19.023,5.3
42.096,19.209,6.9
34.530,24.437,5.6
-8.299,115.934,5.4
42.255,18.752,6.2
-8.207,115.949,5.8
-30.812,117.179,6.1
-4.980,145.577,6.2
8.316,-82.943,6.5
31.452,119.241,5.4
39.672,28.660,4.9
41.145,108.129,5.9
-1.679,136.040,7.9
42.812,13.061,5.8
14.321,-90.082,4.7
-46.675,165.707,7.5
32.634,-115.324,6.9
-8.254,115.847,6.2
13.833,-90.881,6.8
-7.656,108.252,6.1
39.536,20.398,5.2
33.918,59.741,6.6
-16.760,-179.984,6.9
4.805,-76.217,6.4
33.962,59.726,7.5
34.033,59.817,6.0
1.598,-79.358,7.7
-3.299,102.712,6.6
-8.390,115.889,6.3
38.815,-27.780,6.7
37.855,-121.816,5.9
43.530,146.753,7.0
-8.082,108.793,5.8
40.459,15.855,4.5
14.716,-91.317,5.3
46.214,-122.194,5.2
43.294,20.837,5.8
37.600,-118.840,6.1
32.220,-114.985,6.4
34.808,139.181,6.2
-12.410,166.381,7.5
39.269,23.041,6.4
40.113,70.596,5.2
39.203,22.729,4.0
-12.525,165.916,7.9
37.190,50.201,5.4
38.174,-83.907,5.1
29.598,81.092,6.5
15.888,-88.516,6.4
-1.948,-80.017,5.6
32.913,75.633,4.9
32.834,75.629,4.8
35.450,139.964,6.0
-39.542,176.478,5.6
36.195,1.354,7.7
18.211,-98.240,6.4
41.117,-124.253,7.2
-13.347,-74.545,4.9
40.914,15.366,6.9
8.045,-72.441,5.0
34.587,50.652,5.8
34.503,50.590,5.2
38.640,142.750,6.9
-4.576,139.232,6.7
30.927,101.098,6.8
41.051,14.601,4.6
38.222,22.934,6.7
38.209,23.288,6.4
39.481,20.699,5.6
-13.144,-74.376,4.8
33.133,-115.650,6.0
-48.786,164.357,7.6
29.913,57.715,6.7
-13.166,-74.522,5.2
30.013,57.794,7.1
44.849,17.312,5.5
-14.960,-173.085,7.7
35.693,73.594,5.9
-33.134,-73.074,7.5
8.117,-72.527,5.4
18.048,-102.084,7.3
23.686,32.604,5.3
29.856,66.962,4.0
39.243,25.227,7.5
13.752,124.358,7.1
46.975,-66.659,4.5
13.158,-87.589,6.0
6.946,94.002,6.3
-6.863,106.936,5.5
4.374,97.755,5.4
-9.265,118.479,6.4
42.158,142.361,6.7
17.250,-93.210,3.5
-12.690,-76.065,6.1
36.785,105.550,4.6
16.558,-98.358,7.0
31.907,99.931,5.5
13.313,-89.339,6.2
36.194,141.702,6.8
-12.597,165.931,7.5
-8.375,120.577,5.6
14.487,-89.121,5.1
43.164,12.586,4.4
40.883,19.590,5.5
14.701,44.379,6.0
36.148,69.011,6.6
-24.133,-175.864,7.7
-8.405,123.080,5.9
33.826,139.434,6.1
38.026,20.228,7.2
16.147,-95.232,6.7
39.945,75.135,6.2
41.959,21.540,4.7
38.841,70.727,5.2
-4.056,127.924,6.5
-4.883,153.581,7.6
38.294,20.262,6.2
35.953,52.264,4.9
2.461,-76.686,4.9
39.042,48.714,4.6
8.717,-83.123,7.3
5.723,94.722,6.6
40.025,75.260,5.6
-4.843,-78.103,6.5
14.926,99.023,5.9
36.219,-120.317,6.2
40.462,139.102,7.7
40.249,138.948,5.9
41.346,139.099,6.9
9.652,-83.688,6.2
40.324,27.222,6.1
61.031,-147.286,6.1
36.948,49.180,5.0
30.349,67.840,4.2
40.142,24.766,7.0
35.500,139.070,5.3
55.867,161.287,6.5
18.231,120.860,6.5
43.246,20.859,5.1
33.941,139.513,6.0
-26.535,-70.563,7.3
1.084,121.052,6.0
1.131,120.858,6.1
43.974,-113.916,7.3
40.330,42.187,6.9
35.464,133.899,5.2
35.206,115.213,5.3
50.696,5.346,5.0
44.689,10.317,5.0
19.430,-155.454,6.7
-6.852,72.110,7.6
-5.392,151.868,6.4
11.866,-13.529,6.2
36.372,70.738,7.2
-2.823,118.806,6.6
34.616,70.484,5.8
-10.012,160.469,7.5
38.396,22.094,5.4
36.431,70.826,6.1
40.320,63.350,7.0
44.117,148.192,7.0
-4.647,145.805,6.6
37.320,-121.698,6.1
43.260,12.558,5.3
41.765,13.898,5.8
41.831,13.961,5.2
42.967,17.734,5.1
31.448,140.036,5.5
17.984,-69.338,6.7
52.878,-4.198,4.7
32.386,131.945,6.7
1.761,99.075,5.2
43.314,20.957,4.7
35.789,137.488,6.1
40.885,42.219,6.4
34.006,141.500,6.9
37.013,21.757,4.5
40.545,42.403,5.3
42.375,-105.720,5.1
39.155,71.328,6.1
56.200,163.400,7.0
24.641,92.891,5.6
-33.053,-68.467,6.9
28.399,52.997,5.3
-33.132,-71.708,8.0
17.013,-62.448,6.3
-32.663,-71.551,6.6
7.758,123.544,6.5
-34.131,-71.618,7.5
-9.245,114.185,6.2
25.926,102.871,5.8
16.498,120.815,6.1
39.266,22.810,5.5
-5.599,151.045,7.1
-4.439,152.828,7.2
36.190,70.896,6.6
-9.159,-78.887,6.1
39.431,75.224,7.5
-4.130,136.049,6.3
18.190,-102.533,8.1
17.802,-101.647,7.6
-9.829,159.854,6.9
41.581,22.254,5.0
15.299,-90.863,4.5
40.301,69.823,5.9
36.460,6.761,5.9
40.310,42.307,4.2
-1.639,134.911,7.1
-13.987,166.185,7.6
11.725,-85.838,6.0
-13.966,166.516,7.6
37.688,15.068,4.3
-9.505,-77.512,5.3
-3.904,103.461,5.0
15.075,-92.072,4.7
-13.410,-71.785,4.6
32.128,76.374,5.3
37.993,37.806,5.9
51.520,-174.776,8.0
41.431,43.737,5.7
29.627,69.363,5.2
52.327,-174.504,6.4
24.125,121.619,6.4
10.597,-62.928,6.2
-4.448,143.943,7.1
34.000,-116.610,6.0
29.962,51.582,5.6
32.970,-117.869,5.8
10.770,-69.428,4.9
37.537,-118.447,6.2
37.200,37.300,4.1
45.547,26.316,6.9
37.014,22.176,5.8
36.930,22.175,4.8
-30.546,28.737,4.8
13.827,-89.118,5.4
37.931,28.574,5.5
27.727,66.650,4.5
-28.117,-176.367,8.1
23.901,121.574,7.8
44.120,16.339,5.5
-5.494,-35.769,4.8
43.274,25.912,5.6
-33.071,-72.084,5.0
29.985,51.623,5.0
41.964,81.319,5.8
41.529,79.318,5.9
35.964,1.374,4.3
36.988,141.689,6.3
-6.088,147.689,7.6
-37.965,176.765,6.6
-24.388,-70.161,7.3
.083,-77.785,7.2
32.034,131.837,6.7
37.447,137.865,5.1
16.066,120.301,6.3
2.244,98.866,6.6
8.047,125.410,5.2
34.076,48.266,4.6
-10.717,162.330,6.3
-14.074,167.828,6.6
24.924,115.608,4.9
-19.022,-69.991,6.9
-17.897,-70.931,6.4
-58.893,158.513,7.7
43.242,13.874,4.6
-.978,-78.050,6.2
34.061,-118.078,5.7
-8.143,-77.954,5.1
34.070,-118.100,4.8
-17.940,-172.225,7.3
-7.288,154.371,6.8
-6.266,149.060,7.7
58.586,-143.270,7.2
33.082,-115.775,6.2
-8.247,124.155,6.5
58.679,-142.786,7.9
35.362,140.214,6.0
38.111,106.336,5.5
41.246,19.630,5.8
-19.847,133.803,6.3
-19.829,133.882,6.7
-24.753,-70.433,6.7
24.688,91.570,5.8
57.262,-142.747,7.8
30.890,50.194,5.7
12.376,121.067,6.2
18.606,121.013,5.4
-5.964,148.780,6.8
23.902,121.598,5.7
25.149,95.127,7.2
-10.258,160.896,7.6
29.974,51.679,6.1
26.755,86.616,6.6
-6.060,146.230,4.3
37.180,71.811,5.0
37.938,20.932,5.8
36.443,2.759,5.6
13.881,-90.450,6.0
19.080,-67.256,5.7
22.789,99.611,7.3
23.181,99.439,6.4
21.230,108.545,4.6
18.068,-76.597,4.7
12.399,124.537,6.6
37.938,-26.142,5.3
48.117,-71.183,5.8
40.987,44.185,6.8
38.465,68.694,5.3
1.031,126.189,5.6
40.027,41.816,4.4
-4.346,152.797,5.4
-13.702,34.420,6.1
29.987,99.195,6.2
16.773,-99.328,6.8
29.964,51.655,5.1
11.038,-68.270,5.2
23.553,99.526,5.6
-52.341,160.568,8.2
30.167,50.921,5.8
21.861,89.763,5.1
1.134,-79.616,6.1
19.362,-155.083,6.1
39.112,-28.242,5.7
34.942,139.193,5.0
-8.081,125.129,6.2
-4.511,139.022,5.8
43.522,45.362,5.0
11.766,41.942,6.3
-4.219,136.667,6.0
55.543,-156.835,6.9
31.583,102.433,6.1
30.960,51.421,4.7
37.036,-121.883,6.9
39.893,113.884,5.3
39.571,143.333,6.6
36.788,2.448,5.7
18.986,-68.833,4.4
39.837,142.760,7.4
29.882,106.804,4.7
29.892,57.718,5.9
8.337,126.729,7.5
-32.967,151.619,5.4
9.755,124.694,6.6
34.706,139.252,6.4
34.140,-117.700,5.5
-22.122,175.163,7.6
28.925,66.331,6.1
9.919,-84.808,7.0
37.034,72.942,6.3
9.253,125.606,5.5
52.314,-2.985,4.7
15.125,147.596,7.5
39.436,74.900,6.2
1.186,122.857,7.6
31.107,51.678,4.7
35.986,100.245,6.9
40.775,15.766,5.4
-40.296,176.064,6.3
5.121,32.145,7.1
5.358,31.848,7.0
-6.016,-77.229,6.5
45.841,26.668,6.7
45.811,26.769,6.1
9.855,-84.327,4.6
-6.062,-77.136,4.9
11.760,121.899,7.1
47.869,85.076,6.8
27.398,65.719,6.3
36.957,49.409,7.7
36.636,49.799,5.3
-6.904,108.120,4.8
36.415,70.789,5.6
15.679,121.172,7.8
36.990,29.595,5.1
-15.355,167.464,6.4
47.963,84.961,6.1
-.059,-78.449,4.4
33.267,138.643,6.5
-28.014,26.727,4.2
47.903,84.961,4.5
-26.390,27.349,4.0
37.093,103.781,5.8
35.121,70.486,6.0
28.251,55.462,6.7
3.908,97.457,6.8
43.853,16.633,5.6
40.854,73.553,4.6
37.300,15.438,5.3
23.916,121.636,6.2
23.722,121.627,6.3
41.004,22.300,5.9
9.869,-84.302,5.7
-5.097,150.967,7.5
23.613,95.901,7.1
35.993,70.423,6.4
-9.929,159.139,6.9
44.885,6.760,3.8
48.268,154.328,5.7
58.427,-175.450,6.7
40.386,78.959,6.1
39.887,113.923,5.5
-6.038,-77.130,6.4
-5.982,-77.094,6.7
37.457,68.273,5.1
36.416,70.912,4.1
9.685,-83.073,7.6
39.597,41.118,4.5
42.453,43.673,7.0
9.542,-82.418,6.2
42.565,43.349,4.9
5.865,116.746,4.5
42.461,44.009,6.1
15.119,120.355,5.5
39.984,42.875,4.5
1.196,122.787,7.5
34.262,-118.002,5.1
-8.099,124.681,6.5
45.364,21.057,5.6
44.888,22.407,5.6
-15.679,-71.574,4.7
36.520,44.066,5.1
9.737,-84.054,4.7
10.045,-69.948,5.2
40.235,-124.348,6.2
-40.250,175.053,5.6
14.646,-90.986,6.2
-9.094,158.442,7.2
30.780,78.774,7.0
30.666,50.218,5.4
26.323,70.607,5.0
4.554,-77.442,6.4
13.887,44.068,4.7
36.924,49.603,5.0
45.498,21.115,5.5
45.533,151.021,7.6
18.000,108.000,3.7
35.106,139.644,5.6
-7.138,109.067,4.4
31.726,50.778,4.6
39.710,39.605,6.9
51.153,5.798,5.2
33.961,-116.318,6.3
40.368,-124.316,7.1
41.019,72.429,6.2
7.191,126.762,7.5
33.377,71.317,6.0
19.613,-77.872,7.0
-11.122,165.239,7.0
34.201,-116.436,7.6
34.203,-116.827,6.7
36.705,-116.293,5.4
39.419,143.330,7.0
32.536,141.641,6.3
42.142,73.575,7.5
29.087,66.740,5.5
11.727,-87.386,7.7
29.134,52.187,4.7
-6.087,26.651,7.0
29.778,31.144,5.3
6.845,-76.806,7.0
7.075,-76.862,7.4
-8.480,121.896,7.8
43.300,143.691,7.6
23.027,101.062,5.6
32.104,60.088,5.1
37.634,137.245,6.3
-14.385,-178.252,6.4
29.084,87.333,6.2
45.035,-122.607,5.6
30.692,50.886,5.1
-11.652,-76.530,6.3
51.218,157.829,7.5
-28.886,-176.819,6.6
30.149,50.814,5.4
9.821,-83.622,5.8
42.851,139.197,7.7
38.224,21.756,5.6
15.385,31.690,5.5
41.985,139.839,6.3
12.982,144.801,7.8
14.717,-92.645,7.2
42.314,-122.012,6.0
18.066,76.451,6.2
-5.889,146.020,6.9
28.723,82.280,5.1
18.120,76.533,4.6
51.934,158.647,7.0
39.263,75.533,5.6
36.028,100.104,5.7
40.330,-76.037,4.6
34.213,-118.537,6.7
1.015,127.733,7.0
42.762,-110.976,5.8
.593,30.037,6.2
-4.967,104.302,6.9
30.853,60.596,6.1
29.096,52.617,6.1
19.803,-72.799,5.4
-18.039,-178.413,7.6
40.608,143.683,6.4
36.901,67.163,6.1
23.959,122.448,6.5
-10.477,112.835,7.8
-10.362,112.892,6.6
-10.777,113.366,6.5
24.511,121.905,6.4
-10.341,113.369,6.1
2.917,-76.057,6.8
-13.841,-67.553,8.2
-42.963,171.658,6.8
28.968,52.614,5.9
35.520,-.106,5.9
40.402,-125.680,7.0
43.773,147.321,8.3
-1.258,127.980,6.8
43.905,147.916,7.3
13.525,121.067,7.1
40.741,-124.310,5.5
40.525,143.419,7.8
20.524,109.330,5.3
34.583,135.018,6.9
5.050,-72.916,6.5
-37.759,178.752,7.1
4.104,-76.622,6.4
35.046,32.279,5.9
-4.183,135.109,6.9
37.925,139.186,5.4
-15.199,-173.529,7.4
12.059,125.580,7.2
12.047,125.920,6.8
40.149,21.695,6.6
-8.452,125.049,6.9
-23.008,169.900,7.7
52.629,142.827,7.1
38.401,22.283,6.5
21.966,99.196,6.8
36.427,103.123,5.6
-23.340,-70.294,8.0
-5.799,154.178,7.7
16.779,-98.597,7.4
38.063,30.134,6.4
-2.750,-77.881,7.0
65.170,-148.565,6.0
-2.045,101.436,6.8
19.055,-104.205,8.0
27.929,130.175,7.1
28.094,130.148,6.8
26.003,102.227,6.2
-28.906,-71.417,6.7
28.826,34.799,7.2
44.663,149.300,7.9
.729,119.931,7.9
27.291,100.276,6.6
-.891,136.952,8.2
-9.593,-79.587,7.5
15.978,-98.070,7.1
39.993,76.696,6.3
-1.036,-78.737,5.9
-6.518,154.999,7.2
40.774,109.661,6.0
51.564,-177.632,7.9
51.478,-176.847,7.3
31.555,139.931,5.7
-22.118,-113.436,6.9
42.803,17.936,6.0
21.898,121.498,6.8
30.568,131.093,6.6
31.885,131.468,6.7
-14.993,-75.675,7.7
31.789,131.314,6.7
41.026,74.284,5.8
18.219,-102.756,7.2
40.956,19.672,4.7
39.474,76.998,5.9
37.661,57.291,6.5
29.976,68.208,7.1
38.075,48.050,6.1
39.422,76.839,5.6
34.872,71.620,4.9
31.920,130.429,6.1
39.513,76.865,5.9
39.537,76.998,6.0
39.527,76.941,6.2
-12.584,166.676,7.7
11.112,-60.892,6.7
13.986,144.901,6.5
33.825,59.809,7.2
36.411,70.945,6.4
23.083,80.041,5.8
33.938,59.475,5.9
10.598,-63.486,7.0
-26.857,26.619,5.0
4.358,96.494,6.0
43.048,12.879,5.7
43.084,12.812,6.0
-3.776,119.727,5.9
31.959,141.878,6.2
-22.101,-176.772,7.7
-30.933,-71.220,7.1
35.069,87.325,7.5
37.570,20.656,6.6
22.212,92.702,6.1
1.241,122.536,7.0
54.841,162.035,7.8
41.083,114.500,5.7
14.374,-91.473,6.6
15.883,-96.298,6.3
37.075,70.089,5.9
36.479,71.086,6.4
30.154,57.605,6.6
39.977,76.731,5.6
-62.877,149.527,8.1
43.164,12.701,5.2
32.457,59.976,5.8
46.245,13.652,5.7
22.306,125.308,7.5
-17.731,-65.431,6.6
37.388,78.843,5.6
37.106,70.110,6.6
36.878,35.307,6.3
38.650,-28.626,6.2
38.717,48.507,6.0
23.407,120.736,5.7
-2.943,142.582,7.0
-.593,-80.393,7.2
39.660,77.343,6.4
-8.194,112.413,6.6
44.209,20.080,5.5
41.925,20.390,5.3
33.199,47.225,5.4
27.791,53.608,5.4
27.308,101.029,5.6
-2.071,124.891,7.7
26.373,104.021,4.5
4.461,-75.724,6.2
42.962,46.954,3.2
38.193,-1.566,4.8
34.259,69.364,6.0
28.343,57.193,6.6
41.131,114.658,5.1
30.512,79.403,6.6
-16.660,-72.662,6.8
29.501,51.880,6.2
40.802,47.448,5.4
18.386,-97.436,7.0
18.324,-101.539,6.3
15.782,-88.330,6.7
21.544,91.895,4.2
40.760,29.970,7.6
40.711,29.949,5.2
38.119,23.605,6.0
40.709,30.045,5.8
23.772,120.982,7.7
23.738,121.158,6.5
16.059,-96.931,7.5
34.594,-116.271,7.2
23.445,120.506,5.9
-13.640,-74.430,4.4
39.899,113.983,5.3
40.744,30.266,5.7
40.758,31.161,7.2
24.589,102.872,4.6
36.920,54.900,5.3
-16.423,168.214,7.5
40.459,122.889,5.0
40.358,42.346,5.7
15.766,119.740,7.3
-6.845,105.555,6.5
35.321,-1.281,5.6
22.132,92.771,4.6
40.498,122.994,5.1
25.607,101.063,5.9
35.288,58.218,5.3
-26.288,30.888,4.5
22.338,143.730,7.6
34.220,25.690,5.5
-1.105,123.573,7.6
38.164,38.777,4.1
24.223,121.058,5.4
-4.721,102.087,7.9
40.693,32.992,6.0
26.856,97.238,6.3
-4.612,101.905,6.7
23.843,121.225,6.4
63.966,-20.487,6.5
-13.802,97.453,7.9
63.980,-20.758,6.5
34.221,139.131,6.1
11.884,-85.988,5.4
-6.675,106.845,5.4
34.319,139.260,6.1
20.253,122.043,6.4
33.901,139.376,6.5
48.786,142.246,6.8
25.826,102.194,4.2
38.379,-122.413,5.0
-7.977,30.709,6.5
35.456,133.134,6.7
37.542,69.582,5.1
7.042,-77.829,6.5
-3.980,152.169,8.0
-5.233,153.102,7.8
-5.496,151.781,7.8
40.245,49.946,6.8
39.566,54.799,7.0
38.457,31.351,6.0
6.898,126.579,7.5
13.049,-88.660,7.7
23.419,70.232,7.7
13.671,-88.938,6.6
29.513,101.129,5.6
47.149,-122.727,6.8
34.083,132.526,6.8
13.605,-88.795,5.7
27.689,101.003,5.5
35.169,69.389,5.0
-16.265,-73.641,8.4
37.238,36.206,5.5
-16.086,-73.987,6.6
-17.543,-72.077,7.6
24.455,102.660,4.3
39.059,24.244,6.5
-14.258,-72.683,5.8
34.059,-118.387,4.2
52.630,-132.200,6.1
12.686,144.980,7.0
-4.102,123.907,7.5
26.316,100.648,5.6
35.946,90.541,7.8
23.954,122.734,6.8
23.632,90.376,4.5
-17.600,167.856,7.2
38.673,69.902,5.3
-3.212,142.427,6.7
-19.384,-69.231,5.6
-1.684,29.077,4.7
18.194,-95.908,5.9
38.573,31.271,6.5
38.773,69.924,4.9
28.093,51.755,5.4
32.319,-115.322,5.5
36.502,70.482,7.4
6.033,124.249,7.5
36.062,69.315,6.1
23.346,124.090,6.4
24.279,122.179,7.1
-29.670,-71.384,6.4
39.959,69.417,5.9
-27.535,-70.586,6.6
44.513,-73.699,5.2
42.436,21.466,5.7
34.642,47.400,5.4
41.765,44.960,4.3
13.088,144.619,7.1
-2.907,33.733,5.5
-28.937,-66.797,6.0
25.842,88.932,4.5
35.626,49.047,6.5
50.889,6.103,4.8
7.929,-82.793,6.5
30.916,99.927,5.3
14.101,146.199,6.5
-1.196,121.333,6.2
-21.696,-179.513,7.7
-23.884,178.495,7.7
30.200,31.410,4.4
35.701,48.838,5.2
39.770,72.007,5.5
38.381,13.701,6.0
-3.302,142.945,7.6
13.036,93.068,6.5
-1.680,134.234,6.4
52.520,-2.150,4.8
16.870,-100.113,5.3
31.995,49.329,5.6
47.832,-3.207,4.2
-1.757,134.297,7.6
63.514,-147.912,6.7
-1.884,29.004,6.2
37.670,15.267,4.3
41.789,14.872,5.7
35.517,74.654,5.4
2.824,96.085,7.3
63.517,-147.444,7.9
35.414,74.515,6.3
-14.490,167.827,5.9
37.747,21.087,5.7
39.736,97.443,5.5
34.594,47.454,5.2
39.570,75.254,5.7
35.704,69.868,5.5
29.590,51.474,5.2
-10.491,160.770,7.3
18.770,-104.104,7.5
-8.807,118.524,5.5
43.883,11.960,4.7
39.500,39.878,6.1
43.897,85.923,5.3
12.171,123.921,5.8
12.168,124.079,6.3
34.310,-116.848,5.2
48.342,6.570,5.0
39.610,77.230,6.3
39.483,77.393,5.4
-6.983,108.468,4.6
48.210,9.000,4.7
-8.294,120.743,6.5
27.264,89.331,5.5
38.221,26.958,5.7
37.529,96.476,6.4
34.494,-85.629,4.6
39.007,40.464,6.4
39.430,77.219,5.8
36.964,3.634,6.8
38.849,141.568,7.0
2.354,128.855,7.0
36.939,3.578,5.7
36.870,-88.980,4.0
39.893,22.309,5.2
-30.608,-71.637,6.8
35.476,60.784,5.2
28.355,54.169,5.8
-2.598,68.382,7.6
25.975,101.290,5.9
38.432,141.003,5.5
38.111,28.887,4.5
38.019,28.927,5.4
22.854,92.306,5.7
-60.532,-43.411,7.6
1.142,128.152,6.0
9.355,-79.941,5.4
39.160,20.605,6.3
43.770,119.643,5.4
29.573,95.605,5.5
-45.104,167.144,7.2
44.329,11.450,5.3
34.998,140.172,5.7
19.917,95.672,6.6
19.777,-70.673,6.4
41.815,143.910,8.3
50.038,87.813,7.3
50.000,87.890,4.4
-43.340,173.040,4.8
50.211,87.721,6.7
35.457,139.871,5.2
19.761,-70.693,4.5
25.954,101.254,5.6
38.400,100.951,5.8
37.812,142.619,7.0
34.712,103.834,5.1
27.372,103.971,5.6
51.146,178.650,7.8
12.025,125.416,6.5
27.283,103.753,4.7
42.905,80.515,6.0
-8.137,120.524,4.9
23.039,121.362,6.8
31.953,49.209,5.0
43.083,27.486,4.4
35.706,-121.102,6.6
8.416,-82.824,6.5
28.995,58.311,6.6
-22.107,169.350,6.1
-8.310,115.788,5.8
17.488,-101.303,6.1
48.758,19.217,2.2
36.852,3.418,4.4
27.695,52.397,5.2
-3.120,127.400,6.7
8.358,-82.877,6.1
-3.615,135.538,7.0
-4.003,135.023,7.3
31.675,35.551,5.3
34.774,73.216,5.4
-.466,100.655,5.1
-1.559,100.488,6.0
-3.393,29.558,4.7
35.142,-3.997,6.4
37.136,22.116,5.2
45.382,118.256,5.4
39.930,40.812,5.6
39.847,40.874,5.6
36.512,71.029,6.5
-1.549,100.540,5.4
-8.669,114.650,5.5
-9.362,122.839,6.7
24.081,121.611,5.2
-37.695,-73.406,6.6
37.506,96.758,5.4
29.881,51.474,5.0
30.126,67.121,4.5
9.926,124.038,4.1
36.290,51.610,6.3
47.311,142.120,4.9
27.836,36.905,4.6
-38.854,-73.155,5.9
39.766,43.979,5.1
46.296,13.641,5.2
34.890,61.852,4.6
-38.000,176.510,5.4
33.426,69.524,5.2
39.634,43.966,4.0
36.833,27.815,5.6
27.266,103.873,5.4
38.377,39.261,5.7
33.070,136.618,7.2
33.184,137.071,7.4
-28.573,-65.840,6.1
34.682,103.781,5.2
54.841,19.912,4.8
35.819,-120.364,6.0
11.989,-86.520,5.6
37.125,54.477,5.6
24.530,122.694,6.6
25.073,99.169,4.4
37.226,138.779,6.6
37.284,138.885,5.9
45.787,26.622,5.8
49.277,-128.772,6.6
35.945,23.115,5.2
37.396,138.862,5.5
-8.152,124.868,7.5
4.695,-77.508,7.2
32.023,48.836,4.8
9.602,-84.172,6.4
15.679,-61.706,6.3
33.297,47.977,5.0
-46.676,164.721,7.1
45.626,10.559,5.1
-3.609,135.404,7.1
43.006,145.119,7.0
36.848,3.448,4.5
10.490,-61.480,5.8
48.115,8.077,4.8
36.865,3.421,4.5
42.900,145.228,6.8
24.757,92.539,5.4
44.119,141.793,5.8
37.042,28.206,5.4
-49.312,161.345,8.1
3.316,95.854,9.1
37.103,54.574,5.4
34.064,141.491,6.6
-41.223,175.210,5.3
-1.198,119.933,6.3
-1.364,-80.785,6.1
22.526,100.709,4.8
37.622,43.703,5.9
37.910,-1.820,4.4
-7.037,107.819,4.8
15.775,-61.744,5.8
41.728,79.440,6.1
24.550,92.524,5.1
30.754,56.816,6.4
30.378,68.038,4.9
-26.913,26.789,4.3
39.440,40.978,5.6
27.095,61.887,6.0
39.354,40.890,5.8
17.145,73.730,4.9
17.072,73.668,4.3
33.807,130.131,6.6
2.085,97.108,8.6
-1.644,99.607,6.7
-19.987,-69.197,7.7
41.301,-125.970,7.2
1.819,97.082,6.7
-1.174,119.963,5.9
42.389,19.812,5.2
-9.948,124.480,5.3
35.498,139.982,5.9
7.920,92.190,7.2
46.827,125.058,4.7
45.365,-112.615,5.6
39.437,33.089,5.3
26.569,103.036,4.8
9.985,108.383,4.5
28.850,52.560,5.1
23.627,104.103,4.5
-19.780,-68.980,5.8
17.398,74.118,4.4
38.276,142.039,7.2
30.924,78.560,4.4
17.067,73.773,4.7
-4.539,153.474,7.7
12.471,40.634,5.6
-5.678,-76.398,7.5
-16.635,-70.794,5.3
34.539,73.588,7.6
38.152,26.751,5.9
-.507,-77.745,4.8
23.604,107.798,4.2
-5.852,-78.704,5.4
38.107,144.896,7.0
29.695,115.689,5.2
38.260,38.814,4.4
26.774,55.858,6.0
-6.224,29.830,6.8
36.357,71.093,6.5
30.476,79.255,5.3
38.804,26.783,4.3
36.311,23.212,6.7
-5.473,128.131,7.6
27.382,88.388,5.3
41.708,25.544,4.6
-21.324,33.583,7.0
26.912,91.705,5.8
28.120,56.865,6.0
23.777,70.899,5.5
33.129,73.887,4.9
-3.595,127.214,6.7
36.623,5.328,4.9
27.574,55.685,5.9
3.462,97.224,5.0
33.500,48.780,6.1
44.624,124.122,4.9
22.868,121.278,6.2
34.600,73.136,4.8
23.322,70.477,5.5
37.640,20.920,5.5
31.607,90.413,5.7
60.949,167.089,7.6
-20.187,-174.123,7.9
8.898,-82.543,4.5
30.790,56.700,4.1
-5.575,105.395,5.5
-7.961,110.446,6.3
26.759,55.843,5.1
37.605,43.787,4.1
-14.520,34.280,3.8
33.129,131.141,6.3
40.270,19.960,4.5
33.068,104.950,4.5
-9.254,107.411,7.7
27.995,104.138,4.9
37.255,68.828,5.6
-33.131,-68.707,5.6
38.246,69.220,4.7
45.840,-.140,4.3
28.012,104.151,4.6
26.319,-86.606,5.8
-16.592,-172.033,6.9
10.876,-61.756,6.1
10.814,-61.758,5.5
19.878,-155.935,6.7
-13.457,-76.677,6.7
31.560,113.210,4.5
43.469,119.558,4.7
46.592,153.266,8.3
42.990,-.050,4.7
48.195,22.460,4.8
44.229,83.524,4.7
-3.728,119.233,5.2
2.520,128.283,6.2
-8.251,118.777,6.3
47.580,7.600,3.9
18.901,98.916,4.6
.626,99.859,5.8
26.880,76.150,4.2
42.156,76.163,5.8
21.799,120.547,7.0
47.449,19.343,4.1
39.803,70.311,6.0
37.021,103.911,4.5
33.259,104.740,4.7
46.243,154.524,8.1
39.592,42.863,5.1
1.065,126.282,7.5
6.614,126.240,4.9
38.318,39.267,5.7
-.493,100.498,6.4
2.082,-76.495,5.0
33.490,48.930,4.7
-20.617,169.357,7.1
37.336,136.588,6.7
38.340,20.420,5.8
-8.466,157.043,8.1
17.302,-100.198,6.0
34.807,136.239,4.6
41.172,19.897,4.5
-45.243,-72.648,6.2
51.085,1.009,4.6
45.394,-112.130,4.5
20.504,100.746,6.3
-1.065,127.343,6.1
23.028,101.052,6.1
13.554,-90.618,6.7
34.437,50.833,5.5
-3.987,-79.836,4.5
37.570,138.478,6.6
42.913,82.378,5.6
37.804,-122.193,4.2
38.936,70.485,5.2
30.881,78.239,4.3
2.872,127.464,6.9
-15.595,167.680,7.2
47.116,141.798,6.2
51.307,-179.971,6.7
39.465,-111.237,4.2
-5.968,107.655,7.5
-13.386,-76.603,8.0
39.464,-111.207,1.6
17.200,73.700,4.4
28.154,56.652,5.0
-11.610,165.762,7.2
-7.783,114.338,4.8
2.982,-77.967,6.8
-4.438,101.367,8.4
-2.625,100.841,7.9
22.013,142.668,7.5
-49.418,163.954,7.4
-44.785,167.583,6.8
35.304,76.753,4.8
37.434,-121.774,5.6
21.181,70.724,5.1
9.721,124.647,5.1
22.150,92.388,5.1
-22.247,-69.890,7.7
-2.312,-77.838,6.8
31.680,49.930,4.8
-8.277,118.339,6.5
28.555,77.057,4.7
14.944,-61.274,7.4
-15.048,-44.231,4.6
-25.996,-177.514,7.8
-32.689,-71.695,5.9
-39.011,178.291,6.6
39.417,33.212,5.7
39.446,33.162,5.6
40.288,72.985,5.6
14.129,-91.479,5.6
-.795,134.012,5.9
35.616,-.570,4.6
22.761,92.333,5.0
1.011,97.442,6.1
-2.296,28.900,5.9
23.433,87.111,4.3
32.456,-115.315,5.1
31.730,51.200,4.9
-2.404,28.918,4.9
33.327,35.305,5.0
2.768,95.964,7.4
41.153,-114.867,6.0
-2.486,99.972,6.5
53.403,-.332,4.8
-3.700,-40.350,4.3
23.330,70.592,4.5
35.490,81.467,7.2
-12.178,-77.164,5.3
-20.071,168.892,7.3
13.564,-90.599,6.1
38.452,-87.886,5.3
39.520,-119.930,5.0
-19.941,168.953,6.4
33.860,48.590,4.5
36.158,141.521,6.8
31.002,103.322,7.9
4.330,-73.764,5.6
32.570,105.424,6.0
8.423,-82.968,5.6
32.710,105.540,5.7
64.004,-21.012,6.3
35.883,-.658,5.5
24.702,84.964,3.8
37.963,21.525,6.3
39.030,140.881,6.9
-10.368,-75.512,5.5
35.500,58.800,5.0
53.882,152.886,7.7
-15.986,-71.748,6.2
37.552,142.214,6.9
39.802,141.464,6.8
32.747,105.542,5.6
33.953,-117.761,5.4
32.036,104.722,5.7
32.756,105.494,6.0
10.514,-64.171,5.2
12.897,124.319,6.0
25.051,97.919,5.0
25.044,97.684,6.0
-39.715,176.851,5.5
30.901,83.520,6.7
-52.533,26.417,5.0
51.607,104.158,6.2
26.272,101.937,5.9
37.507,38.503,4.1
-3.935,103.058,5.4
26.743,55.828,6.1
41.892,143.754,6.8
17.438,73.915,5.0
39.533,73.824,6.6
29.807,90.350,6.3
43.372,46.254,5.7
30.639,67.351,6.4
30.598,67.455,6.4
37.565,95.833,6.3
1.271,122.091,7.3
8.267,-82.967,6.1
49.914,18.455,4.1
26.990,55.800,5.4
32.518,105.395,4.5
-32.938,-69.259,4.1
23.970,97.569,4.8
23.970,97.569,4.7
36.401,71.075,5.8
-.414,132.885,7.6
-.691,133.305,7.3
10.165,-84.197,6.1
46.857,155.154,7.4
-11.779,-75.626,4.6
3.884,126.397,7.2
34.204,73.899,5.4
40.657,78.692,5.5
-23.046,-174.659,7.6
22.399,85.903,4.1
13.452,-86.060,4.4
42.334,13.334,6.3
42.275,13.464,5.5
27.143,70.749,5.2
34.185,70.076,5.4
25.212,37.597,4.6
25.292,37.744,5.7
33.198,75.787,4.9
41.303,22.714,5.3
16.720,-86.236,7.3
-17.026,168.329,5.7
-17.757,167.949,6.3
44.724,78.864,5.4
9.590,-78.966,6.0
25.632,101.095,5.7
-45.762,166.562,7.8
31.158,85.902,5.8
29.358,105.438,3.4
14.099,92.888,7.5
34.743,138.264,6.4
-1.479,99.490,6.7
37.696,95.718,6.2
25.280,95.101,5.2
-7.782,107.297,7.0
42.660,43.443,6.0
10.705,-67.920,6.3
6.513,124.715,5.7
-9.138,115.593,5.7
27.332,91.437,6.1
-38.280,145.250,3.1
-15.489,-172.095,8.1
-.720,99.867,7.5
-2.515,101.501,6.6
-13.006,166.510,7.6
-12.517,166.382,7.8
-.962,-77.817,5.4
36.517,70.950,6.1
27.262,91.417,5.3
25.962,100.825,4.9
27.334,56.202,5.1
-8.207,118.631,6.6
10.434,-69.715,5.4
-26.414,27.494,3.5
-9.948,33.878,5.9
17.109,73.767,5.1
34.921,139.261,4.9
23.796,121.605,6.4
-10.108,33.818,6.0
32.437,-115.165,5.9
27.319,91.510,5.2
38.245,71.467,5.1
-8.743,157.477,6.6
-8.799,157.346,7.1
-9.019,157.551,6.8
-7.907,107.879,5.1
40.652,-124.692,6.5
18.457,-72.533,7.0
10.454,-63.475,5.5
32.450,48.300,5.0
25.558,105.804,4.4
30.268,105.668,4.7
25.523,101.903,4.8
25.930,128.425,7.0
-36.122,-72.898,8.8
-24.872,-65.602,6.3
22.918,120.795,6.3
38.864,39.986,6.1
-34.290,-71.891,6.9
13.667,92.831,6.7
32.297,-115.278,7.2
2.383,97.048,7.8
33.165,96.548,6.9
35.633,67.658,5.6
-30.794,121.406,5.2
30.099,80.026,4.5
-18.058,-70.547,6.2
3.748,96.018,7.2
35.900,4.120,5.2
18.400,-67.070,5.8
16.591,145.682,4.4
7.881,91.936,7.5
32.700,-115.921,5.8
-2.174,136.543,7.0
13.197,93.087,5.9
29.872,80.428,5.2
45.880,-75.480,5.2
16.396,-97.782,6.2
27.022,53.861,5.8
6.486,123.467,7.6
35.217,59.308,5.4
-17.541,168.069,7.2
-1.266,-77.306,7.1
12.484,141.476,6.9
35.490,54.470,5.7
27.197,103.005,4.9
-43.522,171.830,7.0
-43.570,172.388,5.0
-40.433,176.818,5.1
-43.598,172.690,5.0
23.407,90.648,4.8
29.647,51.665,5.8
33.869,72.887,5.2
-3.487,100.082,7.8
43.760,20.673,5.5
33.370,48.940,4.9
30.178,67.117,4.7
7.521,37.839,5.1
35.827,-96.772,3.7
28.412,59.180,6.5
26.901,143.698,7.4
-19.702,167.947,7.3
-43.550,172.647,4.5
30.160,51.620,4.5
-19.157,168.311,6.5
28.777,63.951,7.2
24.693,97.943,4.8
24.618,94.680,6.3
-36.474,-73.125,6.8
38.947,-107.497,3.1
-43.583,172.680,6.1
9.457,125.935,5.5
38.435,142.842,7.5
24.719,97.969,5.5
38.297,142.372,9.1
36.281,141.111,7.9
38.058,144.590,7.6
20.687,99.822,6.8
29.698,80.754,5.4
38.276,141.588,7.1
31.373,100.757,5.1
37.001,140.401,6.6
-4.586,122.771,6.1
37.699,-1.672,5.1
39.120,29.040,4.3
43.015,88.247,5.3
-43.564,172.743,6.0
25.075,98.721,5.3
52.050,-171.836,7.3
32.447,95.948,5.3
-29.539,-176.340,7.6
38.034,143.264,7.0
40.081,71.410,6.1
24.932,98.730,5.0
39.955,77.028,5.7
-18.365,168.143,7.1
-18.311,168.218,7.0
37.063,-104.701,5.4
37.936,-77.933,5.8
52.171,-171.708,6.8
2.965,97.893,6.7
28.724,77.189,4.3
27.730,88.155,6.9
14.186,-90.238,5.6
21.211,70.533,5.0
-28.993,-176.238,7.4
38.722,43.513,7.1
-14.438,-75.966,6.9
27.449,88.684,3.5
-.130,-78.370,4.0
43.648,82.437,5.6
35.532,-96.765,5.7
7.904,125.185,5.0
35.531,-96.788,5.0
38.429,43.229,5.7
24.955,95.236,5.8
13.297,-87.898,5.1
38.310,76.888,5.3
-41.364,174.315,5.3
17.844,-99.963,6.4
-43.490,172.800,5.8
51.842,95.911,6.7
36.288,58.835,5.3
-14.168,-75.635,6.4
-17.827,167.133,7.0
9.999,123.206,6.7
22.661,120.891,5.9
31.428,56.778,5.2
12.354,123.700,5.6
40.887,144.944,6.9
10.037,125.633,5.8
16.493,-98.231,7.4
-35.200,-72.217,7.2
2.327,93.063,8.6
.802,92.463,8.2
-18.972,168.741,6.3
-32.625,-71.365,6.7
32.747,47.726,5.4
41.549,46.789,5.7
26.175,92.889,5.4
38.612,70.354,5.7
-17.678,-69.591,6.3
-16.764,-43.999,4.1
44.890,11.230,6.1
44.831,11.490,5.1
42.645,22.968,5.6
44.851,11.086,5.9
-7.692,106.371,5.8
36.420,28.880,6.1
36.023,69.351,5.8
37.294,42.325,5.3
27.767,100.781,5.5
43.433,84.700,6.3
32.978,119.593,4.9
2.707,96.045,6.5
-9.694,159.727,6.4
38.329,46.826,6.5
49.800,145.064,7.7
-1.315,120.096,6.3
12.139,-88.590,7.3
10.811,126.638,7.6
10.085,-85.315,7.6
27.575,103.983,5.6
23.739,81.314,5.0
52.788,-132.101,7.7
13.988,-91.895,7.3
23.005,95.885,6.8
40.411,90.355,5.1
33.506,59.571,5.7
37.890,143.949,7.2
55.393,-134.652,7.5
4.927,95.907,6.1
-10.799,165.114,7.9
-10.928,166.018,7.0
1.135,-77.393,7.0
55.150,61.410,4.2
27.226,103.071,4.9
-15.748,-71.425,5.3
25.980,99.812,5.4
40.119,77.466,5.1
23.828,121.215,6.0
28.428,51.593,6.3
15.520,-87.159,5.4
34.369,134.828,5.8
28.033,61.996,7.7
33.958,139.352,5.8
31.817,-97.088,2.1
46.221,150.788,7.2
30.308,102.888,6.6
34.526,70.220,5.5
33.061,75.863,5.7
26.560,57.770,6.1
36.703,5.261,4.9
54.892,153.221,8.3
7.275,124.898,5.7
23.789,121.141,6.3
54.263,86.173,5.3
-8.305,116.058,5.1
4.645,96.665,6.1
-8.803,113.002,5.7
36.534,3.086,4.8
-41.704,174.337,6.5
34.512,104.262,6.0
38.753,22.666,5.1
-41.767,174.061,6.5
16.917,-99.381,6.2
28.229,99.370,5.8
14.643,-92.104,6.6
26.971,65.520,7.7
-15.851,-74.562,7.0
27.263,65.587,6.8
35.487,23.261,6.4
9.866,124.011,7.1
5.067,96.031,5.3
37.149,144.679,7.1
-60.296,-46.362,7.8
29.363,51.314,5.6
27.261,54.428,5.5
19.001,-66.848,6.4
-40.634,175.776,6.2
-7.976,109.246,6.1
38.169,20.431,6.1
26.579,57.717,5.3
38.292,20.337,6.1
35.922,82.549,6.9
-30.679,121.187,4.5
33.684,131.825,6.3
-19.925,-70.628,6.7
33.932,-117.917,5.1
-19.642,-70.817,8.2
-20.400,-70.135,7.6
28.155,103.641,5.4
12.514,-86.379,6.1
-11.315,162.211,7.6
-11.451,162.069,7.4
12.176,-86.296,5.1
17.552,-100.816,7.2
-6.720,154.931,7.5
19.703,99.683,6.0
17.385,-100.656,6.4
26.387,68.358,4.5
49.915,8.624,4.1
40.977,19.879,5.1
40.305,25.453,6.9
24.976,97.865,5.9
-30.118,-177.670,6.9
51.797,178.760,7.9
14.742,-92.409,6.9
37.040,142.425,6.5
58.358,-137.130,6.1
17.842,-95.524,6.3
36.851,3.161,5.6
27.245,103.427,6.1
-26.986,26.741,5.3
-.076,-78.302,5.1
28.182,103.570,5.1
32.739,47.670,6.2
38.220,-122.313,6.0
6.881,125.251,5.2
-13.814,-71.744,4.9
23.386,100.487,6.0
-32.115,-110.779,7.1
12.526,-88.123,7.3
1.928,126.547,7.1
30.343,101.720,5.9
36.640,137.911,6.2
23.336,100.474,5.6
39.830,142.890,6.7
-16.431,168.148,6.4
23.663,102.907,4.6
44.520,18.930,3.4
44.107,85.641,5.2
34.658,73.302,5.4
44.126,19.936,4.4
33.179,115.798,4.7
-4.760,152.556,7.5
24.194,122.327,6.4
28.147,84.708,7.8
31.594,140.167,5.7
-5.465,151.886,7.5
27.837,86.077,7.3
27.831,140.493,7.8
5.987,116.541,6.0
26.642,90.401,5.1
37.468,78.136,6.4
-9.303,158.396,6.7
-10.444,165.172,7.0
33.884,73.225,5.1
52.376,-169.446,6.9
-2.683,138.508,7.0
8.237,-77.298,5.9
-2.102,28.930,5.5
-31.573,-71.674,8.3
-.631,131.244,6.6
-25.420,-64.444,5.8
36.441,70.717,7.5
8.477,-71.365,5.3
-29.439,-72.105,6.9
30.991,128.877,6.7
38.755,20.552,6.5
-10.047,-71.023,7.6
-10.548,-70.904,7.6
38.258,72.767,7.2
36.500,71.132,6.3
24.834,93.656,6.7
-3.863,127.229,5.5
59.658,-153.452,7.1
35.741,-3.597,6.3
22.939,120.593,6.4
-4.908,94.275,7.8
36.472,71.131,6.6
32.782,130.726,7.0
.382,-79.922,7.8
-16.074,167.393,7.0
32.038,94.987,5.5
.465,-79.641,6.8
1.295,126.355,6.3
38.883,70.626,5.4
18.515,145.529,7.7
-8.218,117.816,5.9
-22.495,173.111,7.2
-15.613,-71.671,5.4
-55.279,-31.874,7.4
42.714,13.172,6.2
20.919,94.579,6.8
-37.401,179.055,7.1
-1.030,31.560,5.9
42.012,21.481,5.3
35.769,129.227,4.6
-2.650,29.060,4.8
34.905,73.682,5.4
35.358,33.801,6.2
42.934,13.043,6.6
42.855,13.088,6.6
35.984,-96.798,5.0
-42.757,173.077,7.8
37.392,141.403,6.9
11.960,-88.835,7.0
27.806,86.532,5.4
-15.294,-70.823,6.2
5.281,96.108,6.5
-10.665,161.335,7.8
-10.730,161.107,6.9
-4.509,153.450,7.9
.816,-79.740,5.4
-43.416,-73.880,7.6
24.015,92.018,5.7
-19.326,176.053,6.9
28.200,53.107,5.0
42.601,13.227,5.7
-6.214,155.122,7.9
25.216,63.272,6.3
9.911,125.461,6.5
