38.000,58.200,1
38.900,22.700,2500
33.800,105.600,760
36.300,119.000,6000
31.200,34.200,30000
28.800,104.600,13
36.100,36.100,260000
40.300,116.000,101
36.200,36.100,40000
35.400,114.300,101
40.700,29.700,1000
36.200,36.100,80000
39.400,113.300,5130
36.250,36.100,250000
36.250,36.100,4870
36.200,37.200,130000
38.400,22.300,5000
36.200,36.100,30000
36.250,36.100,60000
34.300,108.900,101
41.000,15.000,1000
36.100,111.500,50
35.300,54.000,40000
38.400,27.200,2000
34.600,105.600,101
37.800,115.200,200
45.400,12.200,48
35.500,129.100,100
56.300,-2.800,1400
27.900,102.200,101
37.400,112.600,20
40.400,71.300,15000
33.500,36.300,50000
36.200,43.100,50000
36.210,42.080,70000
35.300,51.200,45000
40.000,44.600,12000
40.000,45.000,2000
36.800,10.200,45000
36.200,54.300,200000
37.900,22.900,45000
40.000,44.600,12000
33.200,47.200,20000
30.000,31.100,1000
40.000,44.600,150000
38.000,58.300,5000
27.700,52.300,2000
35.000,110.000,62
34.300,109.000,60
33.200,44.200,16000
27.665,52.348,16000
64.000,-21.000,11
33.000,35.000,70000
32.000,119.000,22391
38.400,112.900,32300
38.000,46.200,40000
38.100,46.300,50000
39.700,116.300,25000
38.100,15.100,975
14.200,43.300,50
37.000,15.300,1000
34.000,137.500,400
36.000,59.000,60000
37.300,15.100,15000
40.300,46.300,230000
38.500,106.300,10000
38.700,-9.100,1000
34.500,36.500,2000
36.200,37.200,2000
35.100,36.300,8000
38.400,38.350,20000
64.300,-20.000,19
37.300,15.030,16000
36.200,37.200,80000
64.000,-21.000,11
34.500,36.500,20000
33.500,36.000,30000
42.000,60.000,2000
36.000,111.800,3000
36.000,106.200,10000
45.550,10.220,12000
43.600,5.300,5000
41.000,13.000,9000
39.750,39.500,15000
,,8000
38.000,46.200,250
40.000,116.500,10000
41.500,119.300,100000
36.100,111.500,150
35.200,139.400,23024
34.000,26.000,4000
39.800,113.100,2000
35.900,106.100,5000
31.200,112.200,3466
36.500,113.800,340
39.100,44.500,75
42.800,13.000,5000
34.700,59.700,20000
34.300,35.500,60
29.000,111.300,360
33.500,36.300,5700
32.600,51.700,20
46.400,13.500,5000
42.300,13.500,2000
43.500,12.100,2000
35.100,36.400,24
47.400,7.600,300
14.100,43.200,61
40.300,15.600,4000
32.000,118.800,16
39.300,26.300,500
43.500,12.100,200
14.100,43.200,60
43.400,4.400,600
36.200,103.300,200
48.500,19.100,30
38.700,42.200,30000
40.400,14.500,30000
31.200,34.200,32000
31.200,34.200,100
39.900,40.400,32000
14.100,43.200,10
39.900,40.400,30000
34.400,108.900,1900
54.000,-9.000,100
36.900,27.000,5000
25.500,103.800,3
25.000,103.000,10000
24.900,103.100,10000
34.800,110.100,400
35.700,115.300,50
35.200,25.100,300
40.800,28.100,5000
48.800,10.500,2000
46.200,13.433,15
46.100,13.400,3000
26.600,100.200,100
25.700,100.200,200
38.700,-9.100,30000
28.100,102.100,3
44.070,11.300,113
33.500,59.100,3000
38.700,-9.100,2000
34.500,109.700,830000
24.200,102.700,100
37.500,106.200,1001
40.500,14.700,600
44.017,7.283,650
34.400,109.000,200
20.200,-103.500,60
45.300,11.400,125
34.000,51.400,1200
-39.800,-73.200,21
25.000,98.600,170
25.100,99.900,10
46.200,7.000,100
35.000,136.800,8000
25.300,100.300,20
-12.300,-77.700,22
37.100,-8.000,170
-14.000,-76.000,40
46.800,8.500,9
-17.880,-70.940,100
19.900,110.500,2000
23.600,102.800,2000
39.200,99.000,840
8.300,-71.800,60
21.500,111.300,2
37.500,140.000,3700
38.117,14.783,103
18.900,72.900,2000
35.000,58.000,800
-7.941,-79.038,350
36.500,106.300,12000
39.400,114.200,5200
41.733,15.350,5000
40.600,114.200,63
35.200,139.200,150
34.100,105.300,30
38.100,20.300,520
39.033,16.283,9581
39.250,16.750,52
36.200,50.000,12000
-1.700,-78.600,5000
38.570,16.530,300
38.000,46.100,30000
43.000,8.000,150
14.400,121.000,600
-33.400,-70.600,1000
38.300,43.200,2000
35.500,140.000,200
25.400,100.500,3000
38.200,28.200,2500
34.300,105.500,10400
41.400,13.600,600
-12.100,-76.600,11000
-12.500,-77.000,11000
-12.400,-76.800,11000
37.500,140.000,39
38.700,16.300,2035
38.400,22.400,2
35.500,136.000,600
-14.100,-75.800,400
35.500,127.100,50
38.100,46.300,1500
14.600,121.000,19
37.000,138.000,1500
42.600,18.100,5000
37.200,57.500,12000
40.600,48.600,80000
38.400,27.100,17500
35.300,118.600,42578
40.600,48.600,7000
43.933,12.583,1500
18.300,-69.500,5
36.300,59.300,5600
-3.750,127.750,86
34.500,132.000,7
14.500,120.500,2
38.600,142.000,1
40.100,44.700,7600
40.000,117.000,13162
25.000,101.500,2700
36.500,-4.400,70
38.700,112.700,1001
-13.500,-76.500,5000
40.380,16.550,2000
41.170,14.750,3311
26.500,99.900,190
38.400,26.900,16000
47.700,10.900,19
46.600,13.800,20
17.800,-76.700,1000
37.333,15.167,60000
40.000,139.500,394
40.700,15.700,4057
36.000,111.500,20000
42.500,12.100,31
-1.300,-78.700,1000
41.100,14.500,150
42.780,13.100,40000
42.467,13.200,10000
35.000,140.000,5233
41.000,139.500,58
41.600,14.600,1000
-13.000,-72.000,160
33.200,134.800,5000
37.400,105.300,2032
35.500,133.000,4
34.300,134.000,1000
25.400,103.200,2100
36.500,138.000,56
36.800,3.000,20000
35.000,105.200,73000
37.900,46.700,40000
23.000,120.200,2000
-9.000,-79.000,1500
25.100,103.100,614
38.100,13.350,250
38.000,46.300,77000
37.500,137.000,5
42.800,13.000,200
-32.500,-71.500,2
40.000,116.200,658
23.000,-102.000,1
41.080,15.150,1940
23.100,120.300,260
33.300,96.600,336
38.900,106.500,50000
14.000,121.600,5
-11.996,-77.198,1141
30.100,101.900,15
30.400,101.600,5
36.400,106.100,40
36.200,23.000,2000
24.700,102.900,37
37.200,138.100,2100
26.500,99.900,900
35.000,36.000,20000
31.200,34.200,20000
14.002,120.993,12
-3.500,128.500,4
30.800,31.000,40000
24.700,102.200,270
23.800,102.700,70
34.000,51.500,40000
37.000,-10.000,50000
34.080,-5.000,3000
-.900,-78.600,1000
34.000,-6.800,3000
38.650,-28.080,1053
37.000,15.000,10000
36.800,10.200,3000
33.300,35.700,30000
24.400,102.500,120
24.400,102.500,50
22.000,92.000,200
47.700,18.200,83
24.300,102.800,1000
13.700,-89.200,50
34.800,105.000,2068
40.900,140.700,1700
19.900,-76.100,40
39.300,16.200,40
44.000,12.000,120
18.500,-73.400,200
14.600,-90.700,8000
14.600,-90.700,100
47.000,-55.000,300
33.600,51.300,30000
38.000,46.700,10000
38.000,46.200,50000
18.200,-78.100,300
36.300,43.100,80
24.500,120.500,40000
38.300,15.967,30000
38.700,30.700,26
-16.500,-72.000,383
39.700,39.500,5000
38.200,21.700,38
39.900,98.000,36
4.600,-74.000,12
39.700,19.800,120
29.800,102.100,435
14.000,-61.000,900
43.500,12.200,500
35.700,-.600,3000
38.500,16.100,15
37.500,20.300,22
35.800,21.000,50
23.600,120.500,252
31.000,101.500,205
40.850,139.950,12
38.500,144.000,25
30.600,101.500,200
35.200,35.800,1500
40.500,13.900,7
-1.640,-78.670,40000
10.600,-64.100,16000
43.100,13.000,60
23.800,102.400,2000
17.000,-96.300,7
37.700,138.300,19
25.600,100.600,200
39.050,139.950,450
36.900,-2.400,162
5.300,-74.600,200
41.200,14.700,5600
44.833,7.250,2
35.500,25.000,2000
39.900,139.900,59
25.200,121.300,21
31.700,100.300,480
10.600,-66.900,26000
34.370,-117.650,40
34.200,-119.900,1
-14.100,-75.400,32
35.800,114.400,4
23.700,102.500,900
25.200,121.200,111
34.800,111.200,13000
-8.000,115.000,10253
15.500,-91.500,23
31.400,100.700,2854
45.900,6.800,4
37.600,15.000,72
37.800,14.000,100
36.100,102.300,126
23.000,71.000,1543
34.100,113.800,430
37.750,21.250,8
-16.107,-72.967,162
33.000,104.600,23
36.000,36.000,8000
36.000,36.000,20000
-33.000,-72.000,72
38.100,14.700,22
38.750,20.750,58
36.400,2.800,7000
34.900,111.100,84
31.600,74.300,1000
1.800,-76.400,250
40.700,13.900,28
-12.130,-77.809,30
34.200,74.500,1000
37.500,139.500,1443
38.200,-.900,2000
36.600,118.500,200
43.500,47.500,410
43.000,47.000,40
35.700,52.100,500
36.400,114.200,7477
35.000,136.000,280
43.800,7.800,4
13.100,-59.617,3000
32.800,116.800,33
42.900,12.600,22
25.200,103.000,6700
-18.251,-71.010,700
38.900,139.150,35
1.200,-77.000,80
44.300,9.400,60
33.000,97.000,88
-36.830,-73.030,50
38.500,35.500,300
39.300,16.300,100
39.600,16.600,589
40.100,15.800,21
33.000,35.500,5000
44.200,10.500,5
34.600,103.700,37
32.000,34.500,3000
14.400,-61.100,390
26.100,99.900,100
26.100,99.900,129
21.900,96.000,400
23.400,120.400,117
12.900,123.900,17
39.700,44.400,1049
38.000,21.000,12
34.400,70.500,500
19.750,-72.200,5000
16.500,-62.200,5000
38.600,44.900,1000
33.600,51.400,1500
40.980,34.800,200
1.480,124.850,118
24.100,120.500,380
37.000,22.000,30
43.400,10.600,56
37.000,138.000,12000
29.500,30.500,185
-41.670,174.000,3
24.100,120.500,1001
7.300,-72.300,40
27.800,102.300,20650
41.000,15.700,671
40.500,19.700,2000
40.500,19.700,400
27.700,68.800,350
37.100,58.400,2000
37.500,105.200,300
39.900,41.300,17
14.000,120.500,3
17.000,-100.000,1
35.500,139.500,79
40.900,15.200,12
29.600,52.500,13000
10.500,-64.200,1000
38.250,23.500,17
39.300,16.300,468
13.800,-89.200,1000
35.000,136.000,1352
34.000,137.900,300
40.200,29.100,1900
40.200,29.100,400
40.200,29.100,1300
.800,127.300,34
46.300,7.900,1
35.650,139.800,6757
39.100,121.600,7
29.700,108.800,300
37.100,5.700,3
35.500,26.000,538
-8.000,115.500,36
39.400,16.400,10000
40.300,16.000,10000
38.000,23.000,19
36.000,137.500,203
40.000,20.000,12
38.200,-9.000,6
39.900,41.300,15000
40.700,48.500,100
42.800,13.100,100
-27.350,-70.350,10
-32.800,-68.800,14000
46.000,12.000,1
39.100,121.700,2
38.200,22.200,17
23.400,120.000,2000
7.000,.400,3
38.800,30.500,800
14.500,121.000,400
43.800,87.600,9
40.500,29.100,2
38.000,47.600,500
38.530,30.550,800
38.250,48.280,500
18.600,-97.500,20
33.380,45.980,100
37.700,15.100,60
40.400,19.500,60
40.300,19.300,20
36.400,2.700,70
38.400,20.200,200
39.200,26.400,500
-7.800,110.400,5
19.000,-155.500,31
-18.600,-71.000,25000
.310,-78.180,70000
37.700,-122.100,30
24.500,92.500,2
34.900,5.900,40
38.800,20.800,15
30.000,99.000,2300
15.400,-96.300,24
9.500,-69.500,3
38.500,22.500,100
38.500,22.500,100
39.200,16.300,136
7.000,125.400,4
37.300,58.300,2000
37.300,58.300,4000
34.900,132.000,804
36.700,-118.100,27
36.200,36.200,1800
13.640,-89.130,800
13.600,-89.000,300
46.200,12.400,55
14.500,-90.700,300
38.100,30.200,1300
7.900,-72.500,1001
-6.900,108.300,7
-21.500,-70.500,103
10.300,-66.800,400
40.800,29.000,40
27.700,100.800,70
37.800,47.900,2000
37.500,57.400,700
33.200,104.700,22000
37.500,15.000,10
33.000,104.600,8
16.000,121.850,20
38.600,27.100,30
-31.620,-71.180,2
27.100,54.200,120
24.500,120.700,11
40.700,13.900,121
38.250,26.250,7866
38.500,43.300,95
33.600,104.600,480
40.600,33.600,12
17.500,-98.300,7
40.900,14.400,11
38.100,115.500,11
23.800,120.500,8
40.700,13.900,2313
38.300,26.200,15000
26.810,55.910,238
23.000,101.100,17
36.950,-3.983,745
34.500,105.700,80
33.500,75.000,3000
42.700,74.100,54
36.100,4.600,33
25.000,104.000,4
37.100,21.500,600
32.900,-80.000,60
43.900,8.100,800
31.000,-109.000,44
35.580,.330,20
23.700,102.500,2000
10.300,-61.100,1
32.800,130.700,20
39.200,26.000,25
36.600,54.600,171
36.500,1.800,36
37.100,111.900,31
35.500,137.000,7273
17.300,120.600,2
38.300,38.300,400
44.200,21.200,3
30.500,101.500,288
37.200,58.400,18000
41.700,82.800,90
42.500,146.000,1
38.600,23.200,255
8.500,-71.700,400
35.700,139.900,24
38.900,139.800,726
38.300,15.900,101
37.100,58.400,11000
46.100,14.500,7
37.800,48.300,300
38.500,45.000,800
29.200,104.900,26
38.000,76.000,7
-8.250,124.750,250
39.500,144.000,27122
40.000,141.000,206
39.700,75.900,7
26.950,56.260,1600
24.700,121.800,56
16.500,-61.800,6
26.000,91.000,1542
39.800,76.600,47
-36.830,-73.030,6
39.100,113.000,12
37.930,28.840,1117
-3.000,128.500,2460
33.500,-117.000,6
41.600,43.500,247
40.300,43.100,140
43.400,28.700,4
43.400,28.500,4
40.600,142.300,18
17.600,-99.700,2
40.700,48.600,86
40.700,33.600,4
14.000,-91.000,2000
26.600,56.200,10
39.880,76.200,2500
26.300,99.900,6
40.800,72.300,4880
32.200,35.300,20
39.100,42.400,1700
39.100,42.500,3560
40.900,42.700,1000
36.000,23.000,2
35.200,58.200,350
23.500,120.500,3
37.750,27.000,4
31.200,100.900,400
23.500,120.300,145
33.000,76.000,19000
42.100,19.600,120
34.000,132.000,11
39.000,16.000,557
29.300,104.800,13
1.000,-81.500,1000
23.600,120.500,1258
23.400,120.400,15
37.670,-122.480,700
24.600,98.600,1
-33.000,-72.000,4000
43.500,85.000,280
18.200,-76.800,1000
17.000,-100.000,8
14.000,123.000,2
38.500,67.900,12000
38.133,16.017,158
38.170,15.580,78000
38.600,26.900,8
33.000,50.000,5500
35.600,-5.400,100
25.000,121.500,9
38.900,-8.800,30
24.400,103.000,21
43.700,5.400,40
35.500,72.500,10
35.400,136.300,41
30.000,68.000,231
24.400,121.800,4
25.500,122.500,60
9.800,-84.000,1750
10.000,-84.000,700
36.000,4.000,12
-8.000,31.000,2
43.500,77.500,450
38.200,72.800,90
31.230,57.030,700
17.500,-102.500,45
28.000,130.000,12
40.500,27.200,3000
5.354,126.121,138
26.800,53.700,11
-14.200,-72.900,150
24.150,102.450,942
31.580,130.670,29
39.200,139.800,94
37.700,15.200,120
-3.924,101.820,20
43.500,91.500,1
37.820,30.270,4000
-37.800,178.200,1
38.800,20.600,14
-15.200,-73.200,34
42.000,13.500,29978
32.800,-115.500,6
29.500,91.500,170
23.700,120.900,180
24.000,121.000,1
23.900,120.900,54
-7.000,116.000,1500
6.000,125.000,7
28.000,104.000,1800
4.000,-74.000,6
14.600,-90.600,2650
23.500,117.200,2000
5.500,123.000,46
19.260,-96.970,648
23.500,122.700,5
44.300,10.300,1400
40.200,20.000,600
36.601,105.317,200000
-32.700,-68.400,400
10.200,124.100,5
24.500,122.000,5
-28.553,-70.755,500
32.700,130.300,27
31.500,101.000,4800
35.200,59.200,2200
35.100,139.500,142807
37.200,57.700,157
29.200,56.900,290
1.000,-77.500,300
5.200,-73.200,7
35.500,139.500,14
-1.600,-78.600,40
39.700,42.800,50
36.800,83.800,100
40.000,42.000,60
-7.300,109.800,60
-7.300,109.900,727
41.200,42.800,200
25.700,100.400,5000
9.300,122.700,17
35.750,134.750,395
34.418,-120.196,13
38.000,30.500,3
27.000,100.000,12
34.600,58.100,500
28.500,51.200,2
38.500,-28.000,9
40.700,43.700,360
35.600,135.100,3022
24.100,102.000,7
36.750,102.000,40912
32.000,35.500,268
23.000,120.500,30
44.400,34.500,11
31.600,60.000,4
38.100,27.400,170
42.200,25.300,127
38.000,23.000,20
-5.000,-78.000,29
16.028,-97.036,4
31.500,120.500,6
37.300,57.900,10
-35.000,-72.000,279
7.000,124.000,93
40.700,111.600,2
10.500,-64.200,50
37.800,57.600,3800
40.200,37.900,64
-41.750,172.250,17
37.500,58.000,5
32.200,49.700,6
12.100,-86.200,1000
17.300,96.500,500
38.100,44.700,1360
26.800,103.000,42
17.400,95.500,50
41.100,15.400,1430
30.000,100.000,200
38.400,68.500,175
35.800,52.100,1
43.667,13.267,18
40.500,19.500,35
35.000,139.000,259
40.300,19.600,25
18.200,96.400,36
23.200,120.600,4
-24.700,-66.300,39
40.600,20.800,90
-39.772,176.025,256
13.200,-85.700,2450
39.200,46.000,2890
47.100,89.800,10000
36.100,139.200,16
32.000,131.500,1
20.000,-75.800,8
30.100,101.800,200
31.400,115.000,6
.500,126.000,6
36.600,53.400,1070
19.500,-104.250,400
40.500,23.900,161
39.700,96.700,275
33.620,-117.970,120
31.900,103.400,9300
29.500,102.500,200
42.000,14.200,10
32.100,56.000,4
23.700,102.700,1
26.773,86.762,10600
24.800,121.500,3
37.919,40.211,100
37.919,40.211,20
40.500,27.500,5
36.300,53.300,60
36.300,53.500,690
24.300,120.800,3276
29.400,102.300,2
39.300,40.600,540
29.500,66.800,60000
35.000,138.000,9
24.600,120.800,2746
1.000,-77.500,8
46.600,-112.000,2
46.600,-112.000,2
28.700,103.600,100
1.100,-77.600,250
33.000,60.000,12
35.200,127.600,9
-24.500,-70.000,1
34.200,105.700,115
1.200,-77.300,18
26.600,103.000,30
22.300,120.800,10
6.100,94.700,9
3.500,97.500,17
13.200,-88.700,400
34.400,139.200,3
18.800,-97.500,34
35.400,115.100,390
14.500,121.500,1
-9.400,110.200,1
16.700,-98.500,4
-10.500,-76.500,15
5.100,-75.500,2
39.400,33.800,224
37.100,141.700,1
-36.250,-72.250,30000
-7.080,155.386,5
40.100,139.500,27
5.180,-.130,22
-12.500,-72.000,37
24.400,102.500,2
39.100,26.800,41
39.700,40.400,13
39.770,39.533,32700
38.400,35.500,37
23.900,102.300,181
41.700,43.800,16
32.733,-115.500,9
-10.500,-77.000,179
24.400,102.500,2
45.800,26.800,1000
16.400,43.500,1200
-4.175,152.071,4
33.500,58.600,730
47.000,127.200,132
39.500,43.300,430
31.700,102.300,15
39.700,39.400,15
8.700,-83.200,6
23.300,120.300,319
23.100,100.300,90
-.750,-81.500,200
-15.000,-76.000,30
41.700,20.400,43
39.200,28.200,16
40.300,34.600,17
40.600,35.000,4
40.900,36.500,1000
40.800,30.500,285
44.300,17.000,19
-14.200,-71.500,75
16.700,-101.500,11
-30.750,-72.000,11
40.600,30.500,285
-9.500,110.000,213
35.300,133.900,1400
41.000,33.700,4020
40.000,40.000,550
-31.500,-68.500,8000
41.400,32.700,2381
44.000,84.000,3
36.800,54.500,20
38.900,29.300,21
39.400,26.700,30
34.000,137.100,1223
34.700,137.200,2306
,32.000,5
37.400,35.800,300
35.200,52.100,20
38.500,43.300,300
39.500,119.000,17
24.500,63.000,4000
38.000,28.900,7
32.500,59.100,3
35.750,5.000,264
38.200,31.800,12
39.300,41.200,840
-26.500,-70.500,2
39.300,55.400,400
-8.500,-77.500,800
23.100,120.300,58
33.000,135.600,1362
25.000,102.000,1
26.700,102.900,3
1.200,-77.200,2
37.000,8.000,3
33.400,58.700,500
37.000,22.000,3
-10.500,-75.000,233
10.500,122.000,72
38.532,20.425,2
-17.400,-71.000,1
29.500,100.500,800
-13.100,-76.200,4
26.400,99.700,110
36.500,136.000,5131
38.500,20.500,6
37.950,58.320,110000
27.400,104.000,3
22.000,-106.000,4
42.000,84.000,21
47.167,-122.617,8
-38.000,-73.500,57
39.200,70.800,3500
38.580,26.230,7
-1.500,-78.200,6000
39.000,40.500,320
-54.000,-71.000,1
-54.000,-71.000,3
27.300,53.200,20
40.000,40.000,20
-13.500,-72.000,83
-6.000,113.000,16
7.800,-72.500,211
10.500,-68.000,100
28.500,96.500,1530
-23.500,-67.500,1
-14.250,-75.750,4
-9.300,147.100,3000
13.000,-87.800,1100
16.100,-96.800,1
40.800,33.400,50
23.800,121.700,68
22.900,121.500,17
39.900,41.700,103
42.150,143.850,33
39.800,39.500,94
35.000,-119.017,12
30.500,91.500,54
35.333,-118.917,2
36.500,35.500,20
10.300,-83.500,29
28.500,52.300,11
18.400,-73.400,2
35.400,55.100,970
40.000,27.500,1070
29.000,52.000,1
-36.500,-72.500,9
41.400,26.300,37
38.300,20.800,476
35.000,32.500,40
-18.300,178.200,2
34.000,141.700,1
-22.100,-68.700,3
-3.400,-80.600,6
17.300,-92.600,6
39.800,22.100,25
39.300,22.200,31
36.000,66.000,2000
13.000,123.900,13
27.500,52.000,1
36.283,1.467,1243
30.500,67.000,12
8.100,123.200,400
30.000,101.800,39
39.400,23.100,8
39.500,23.000,7
37.500,27.000,4
10.000,-84.500,10
32.200,29.600,22
-16.200,-71.300,1
47.500,19.300,2
40.000,30.500,4
35.500,35.500,148
37.000,-4.000,7
35.100,67.500,100
36.900,26.000,53
22.200,95.700,38
23.000,70.000,156
27.200,54.400,347
36.200,8.900,13
23.900,121.600,11
39.400,22.800,2
33.400,52.500,16
36.400,28.700,18
40.700,30.900,500
36.100,52.700,1100
16.500,-99.100,65
45.500,99.500,30
34.300,47.800,1200
-16.500,-72.000,28
1.500,-79.500,111
2.000,-79.000,22
34.400,47.900,132
-18.000,-65.000,4
-33.785,-70.112,7
36.000,49.000,20
-9.500,112.500,8
24.780,122.700,2
52.500,159.500,1
-20.369,-68.000,1
22.180,121.130,16
44.712,-111.215,28
18.300,-94.400,25
40.900,19.800,2
39.100,41.600,18
-13.500,-74.000,7
-15.750,-72.750,63
-15.000,-75.000,63
36.000,4.100,47
30.450,-9.620,13100
28.000,54.500,420
-38.143,-73.407,2000
40.000,20.000,8
-1.500,-79.000,11
-3.600,29.000,24
11.100,122.300,3
31.600,131.800,2
-8.200,122.000,2
38.000,15.300,15
10.400,39.900,30
27.900,54.600,60
33.500,49.400,5
36.000,136.700,10
33.600,48.100,2
4.600,-75.600,23
43.300,17.100,4
43.300,17.100,1
40.900,19.500,15
23.720,114.670,1
33.600,59.000,5
-10.000,-79.000,9
38.800,140.900,1
17.200,-99.600,4
17.200,-99.500,3
5.200,-76.400,47
41.400,15.500,16
37.800,22.900,1
35.630,49.870,12225
39.900,43.900,1
35.100,58.700,6
36.900,57.800,4
24.500,122.100,15
32.600,21.000,300
34.400,47.900,100
37.000,57.900,4
42.100,21.300,1070
28.200,55.700,5
39.800,74.200,1
33.900,74.800,80
40.750,29.000,1
-10.385,-78.022,1
-3.700,119.400,8
23.200,120.600,107
61.017,-147.648,15
45.300,18.100,3
-4.000,34.900,1
38.100,38.300,8
38.650,139.200,26
18.300,-100.400,78
40.300,28.200,19
35.700,4.400,4
-2.400,126.100,71
37.600,47.100,20
39.400,24.000,38
-32.400,-71.200,400
38.600,22.400,6
37.700,21.800,32
34.900,138.000,1
47.400,-122.300,7
13.500,-89.300,125
38.267,22.300,1
16.300,-95.800,6
39.200,22.000,1
39.100,41.600,10
24.100,122.600,7
.600,30.200,140
41.200,69.100,10
29.554,80.854,80
38.500,41.300,14
38.900,41.300,12
28.700,78.900,15
39.200,41.600,2394
37.500,22.100,1
4.600,-73.900,6
-10.748,-78.638,110
39.200,21.200,1
-25.500,-70.700,3
2.900,-74.900,98
-9.200,113.100,54
-3.700,119.300,58
5.500,97.300,14
39.500,21.200,9
35.500,-.100,10
40.700,30.800,86
39.500,40.400,97
6.800,-73.000,20
10.600,-67.300,300
43.200,-.500,1
24.500,122.200,2
41.500,20.500,18
17.700,73.900,180
-21.700,-69.500,1
37.900,13.100,216
37.800,13.200,8
39.368,24.957,20
32.000,130.600,3
36.080,5.070,1
-.600,34.400,1
32.300,132.500,1
39.200,44.300,38
40.800,143.200,52
-41.700,172.000,3
-5.600,-77.200,15
16.500,122.200,270
16.500,-97.800,18
34.000,59.000,10488
34.000,58.200,700
41.800,32.300,24
10.500,-62.600,3
39.200,40.100,2
15.500,-92.700,20
42.100,19.300,1
37.100,57.900,50
41.450,79.367,4
-3.100,118.900,64
36.017,-10.950,13
38.600,28.400,53
11.900,41.210,40
27.700,34.000,2
40.700,19.800,1
22.317,111.800,3000
-32.900,19.700,12
-11.700,-75.100,150
38.467,-122.692,1
44.900,17.300,14
44.900,17.200,9
24.100,102.500,10000
12.600,122.100,3
-9.900,-75.600,12
38.600,44.700,5
21.700,73.000,26
39.200,29.500,1086
15.780,121.710,15
-9.200,-78.800,66794
38.800,36.700,1
37.800,55.900,220
-1.500,-72.600,1
-4.907,145.471,15
-4.000,-80.700,82
42.500,11.800,24
34.412,-118.400,65
36.600,55.600,1
28.300,55.600,1
37.600,29.800,100
38.800,40.500,1000
-7.200,109.100,1
-25.500,-69.200,1
-32.500,-71.200,83
-5.500,153.900,2
44.800,10.300,2
-2.700,-77.400,1
36.300,52.700,1
-14.100,-73.300,5
-15.500,167.200,1
22.500,122.300,1
43.800,13.300,1
-6.800,-76.800,7
28.400,52.800,30000
23.600,121.600,4
43.800,13.300,2
36.200,69.700,11
36.000,73.400,100
12.400,-86.100,10000
18.480,-103.000,56
13.400,122.800,15
10.679,-84.759,26
4.956,-78.144,1
18.270,-96.600,600
30.570,52.890,1
38.460,-28.310,1
-12.300,-76.350,10
38.600,27.000,2
6.890,-72.930,3
34.500,138.700,30
28.240,104.010,20000
10.560,-63.380,5
7.750,-77.690,11
36.000,139.820,2
-12.270,-77.790,78
35.100,72.900,5300
32.460,78.430,47
40.640,122.580,300
-6.700,106.700,1
27.500,56.260,7
-29.900,-71.300,2
10.040,-69.750,3
21.490,94.700,1
36.320,5.241,1
38.474,40.723,2311
31.599,51.037,2
12.540,125.993,1
38.628,21.798,1
15.324,-89.101,23000
14.767,-91.061,4
36.610,67.790,50
41.130,43.010,1
.780,-79.800,10
40.890,42.850,4
46.356,13.275,978
-4.603,140.091,6000
-8.170,114.888,573
39.570,117.980,242769
6.292,124.090,1200
37.700,28.890,4
46.280,13.157,5
46.302,13.197,11
46.320,13.130,2
-4.517,139.918,133
33.800,59.150,17
39.120,44.030,5000
-20.520,-68.920,1
-27.953,26.653,4
39.000,44.000,1
45.777,26.703,1641
16.770,122.330,1
27.610,56.390,167
38.560,40.020,30
31.980,50.680,366
-9.828,160.323,34
-9.965,160.731,18
38.934,44.380,3
39.000,44.000,6
-22.878,-175.900,1
7.340,-76.300,3
-31.030,-67.770,70
30.950,56.470,584
34.809,139.259,25
38.100,16.030,2
29.926,66.302,1
17.030,-99.740,1
38.391,15.066,5
38.190,142.028,28
40.739,23.229,50
14.843,-91.022,17
33.386,57.434,20000
16.010,-96.591,9
32.140,49.650,76
23.247,122.075,2
33.897,59.472,200
-16.390,-72.658,18
17.813,-101.276,5
42.096,19.209,131
-8.207,115.949,22
31.452,119.241,42
-1.679,136.040,15
42.812,13.061,5
-8.254,115.847,2
13.833,-90.881,4
-7.656,108.252,30
39.536,20.398,1
33.918,59.741,350
4.805,-76.217,72
33.962,59.726,17
1.598,-79.358,600
-3.299,102.712,8
-8.390,115.889,27
38.815,-27.780,69
32.220,-114.985,1
39.269,23.041,1
39.203,22.729,1
37.190,50.201,1
29.598,81.092,200
15.888,-88.516,2
-1.948,-80.017,8
32.913,75.633,15
35.450,139.964,2
36.195,1.354,5000
18.211,-98.240,300
41.117,-124.253,5
-13.347,-74.545,7
40.914,15.366,4689
34.587,50.652,26
34.503,50.590,3
-4.576,139.232,305
30.927,101.098,150
41.051,14.601,12
38.222,22.934,22
38.209,23.288,1
39.481,20.699,2
-13.144,-74.376,8
29.913,57.715,3000
-13.166,-74.522,10
30.013,57.794,3000
35.693,73.594,220
-33.134,-73.074,1
8.117,-72.527,15
18.048,-102.084,9
29.856,66.962,6
42.158,142.361,110
17.250,-93.210,10
-12.690,-76.065,3
16.558,-98.358,9
31.907,99.931,10
13.313,-89.339,43
14.487,-89.121,3
40.883,19.590,1
14.701,44.379,2800
36.148,69.011,500
-8.405,123.080,13
41.959,21.540,12
35.953,52.264,30
2.461,-76.686,350
8.717,-83.123,6
-4.843,-78.103,10
40.462,139.102,4
9.652,-83.688,2
40.324,27.222,5
36.948,49.180,3
35.500,139.070,1
18.231,120.860,16
-26.535,-70.563,5
1.131,120.858,2
43.974,-113.916,2
40.330,42.187,1342
35.206,115.213,34
50.696,5.346,2
-5.392,151.868,10
11.866,-13.529,443
36.372,70.738,26
-2.823,118.806,2
34.616,70.484,1
36.431,70.826,4
43.260,12.558,3
41.765,13.898,3
41.831,13.961,3
42.967,17.734,1
17.984,-69.338,5
32.386,131.945,20
35.789,137.488,29
40.885,42.219,3
40.545,42.403,3
24.641,92.891,20
-33.053,-68.467,6
28.399,52.997,1
-33.132,-71.708,180
-32.663,-71.551,1
7.758,123.544,2
-34.131,-71.618,2
25.926,102.871,23
16.498,120.815,6
-5.599,151.045,1
36.190,70.896,5
39.431,75.224,71
-4.130,136.049,10
18.190,-102.533,9500
40.301,69.823,29
36.460,6.761,6
37.688,15.068,1
-9.505,-77.512,1
-13.410,-71.785,16
32.128,76.374,6
37.993,37.806,15
41.431,43.737,2
24.125,121.619,1
10.597,-62.928,2
29.962,51.582,1
10.770,-69.428,1
45.547,26.316,2
37.014,22.176,20
13.827,-89.118,1100
23.901,121.574,15
-5.494,-35.769,1
43.274,25.912,3
35.964,1.374,1
-6.088,147.689,3
-37.965,176.765,1
-24.388,-70.161,1
.083,-77.785,5000
32.034,131.837,2
2.244,98.866,2
8.047,125.410,1
34.076,48.266,2
-19.022,-69.991,5
-17.897,-70.931,1
-.978,-78.050,2
34.061,-118.078,8
-8.143,-77.954,3
34.070,-118.100,1
33.082,-115.775,2
-8.247,124.155,125
35.362,140.214,2
24.688,91.570,2
12.376,121.067,2
23.902,121.598,1
25.149,95.127,38
29.974,51.679,1
26.755,86.616,1091
-6.060,146.230,74
13.881,-90.450,5
22.789,99.611,738
40.987,44.185,25000
38.465,68.694,274
-4.346,152.797,1
-13.702,34.420,9
29.987,99.195,11
16.773,-99.328,3
23.553,99.526,1
30.167,50.921,114
21.861,89.763,1
-4.511,139.022,120
43.522,45.362,1
11.766,41.942,2
31.583,102.433,1
37.036,-121.883,62
39.893,113.884,29
36.788,2.448,30
29.882,106.804,4
29.892,57.718,3
8.337,126.729,2
-32.967,151.619,12
28.925,66.331,11
9.253,125.606,1
1.186,122.857,3
35.986,100.245,126
40.775,15.766,2
5.121,32.145,31
-6.016,-77.229,200
45.841,26.668,14
-6.062,-77.136,1
11.760,121.899,4
47.869,85.076,1
36.957,49.409,50000
36.636,49.799,20
36.415,70.789,43
15.679,121.172,2412
-.059,-78.449,4
-28.014,26.727,2
-26.390,27.349,10
37.093,103.781,7
35.121,70.486,11
28.251,55.462,22
3.908,97.457,1
37.300,15.438,19
23.916,121.636,2
41.004,22.300,1
9.869,-84.302,2
35.993,70.423,848
44.885,6.760,9
-5.982,-77.094,53
9.685,-83.073,87
39.597,41.118,1
42.453,43.673,270
5.865,116.746,1
42.461,44.009,8
34.262,-118.002,2
-8.099,124.681,28
45.364,21.057,2
-15.679,-71.574,92
36.520,44.066,20
14.646,-90.986,25
30.780,78.774,2000
4.554,-77.442,2
13.887,44.068,11
36.924,49.603,1
31.726,50.778,6
39.710,39.605,653
51.153,5.798,1
41.019,72.429,4
33.377,71.317,36
34.201,-116.436,3
42.142,73.575,75
29.087,66.740,4
29.134,52.187,1
-6.087,26.651,8
29.778,31.144,545
7.075,-76.862,11
-8.480,121.896,1000
43.300,143.691,2
-14.385,-178.252,5
29.084,87.333,2
-11.652,-76.530,6
30.149,50.814,24
9.821,-83.622,2
42.851,139.197,23
15.385,31.690,2
14.717,-92.645,1
42.314,-122.012,2
18.066,76.451,11000
-5.889,146.020,60
34.213,-118.537,60
1.015,127.733,9
.593,30.037,7
-4.967,104.302,207
30.853,60.596,6
29.096,52.617,2
19.803,-72.799,4
36.901,67.163,160
24.511,121.905,1
2.917,-76.057,650
-13.841,-67.553,5
28.968,52.614,3
35.520,-.106,171
43.773,147.321,11
-1.258,127.980,1
13.525,121.067,81
40.525,143.419,3
34.583,135.018,5502
5.050,-72.916,7
4.104,-76.622,45
35.046,32.279,2
52.629,142.827,1989
38.401,22.283,26
21.966,99.196,11
36.427,103.123,14
-23.340,-70.294,3
16.779,-98.597,3
38.063,30.134,95
-2.750,-77.881,2
-2.045,101.436,84
19.055,-104.205,49
26.003,102.227,81
28.826,34.799,12
27.291,100.276,322
-.891,136.952,54
39.993,76.696,24
-1.036,-78.737,27
-6.518,154.999,1
40.774,109.661,23
-14.993,-75.675,14
18.219,-102.756,1
39.474,76.998,12
37.661,57.291,88
29.976,68.208,60
38.075,48.050,1100
39.422,76.839,2
34.872,71.620,15
39.527,76.941,9
33.825,59.809,1728
36.411,70.945,1
23.083,80.041,56
10.598,-63.486,81
-26.857,26.619,15
43.084,12.812,14
-3.776,119.727,20
-30.933,-71.220,8
22.212,92.702,23
41.083,114.500,70
37.075,70.089,2323
36.479,71.086,1
30.154,57.605,5
32.457,59.976,12
46.245,13.652,1
-17.731,-65.431,105
37.106,70.110,4700
36.878,35.307,145
38.650,-28.626,10
23.407,120.736,5
-.593,-80.393,3
39.660,77.343,3
-8.194,112.413,1
44.209,20.080,1
27.791,53.608,5
27.308,101.029,5
-2.071,124.891,41
4.461,-75.724,1185
34.259,69.364,70
28.343,57.193,1
30.512,79.403,100
-16.660,-72.662,1
29.501,51.880,26
40.802,47.448,1
18.386,-97.436,20
15.782,-88.330,2
21.544,91.895,6
40.760,29.970,17118
40.711,29.949,1
38.119,23.605,143
40.709,30.045,7
23.772,120.982,2297
16.059,-96.931,35
23.445,120.506,1
40.744,30.266,2
40.758,31.161,894
24.589,102.872,1
-16.423,168.214,5
40.358,42.346,1
15.766,119.740,5
-6.845,105.555,5
35.321,-1.281,24
25.607,101.063,5
35.288,58.218,1
-1.105,123.573,46
24.223,121.058,3
-4.721,102.087,103
40.693,32.992,2
-4.612,101.905,1
23.843,121.225,2
34.221,139.131,1
11.884,-85.988,7
25.826,102.194,1
-3.980,152.169,2
40.245,49.946,31
39.566,54.799,11
38.457,31.351,6
13.049,-88.660,844
23.419,70.232,20005
13.671,-88.938,315
29.513,101.129,3
47.149,-122.727,1
34.083,132.526,2
13.605,-88.795,1
27.689,101.003,2
35.169,69.389,4
-16.265,-73.641,77
-17.543,-72.077,1
-14.258,-72.683,4
26.316,100.648,1
38.673,69.902,3
-3.212,142.427,1
38.573,31.271,44
28.093,51.755,1
36.502,70.482,166
6.033,124.249,15
36.062,69.315,1000
24.279,122.179,5
39.959,69.417,50
42.436,21.466,1
34.642,47.400,2
41.765,44.960,5
-2.907,33.733,2
35.626,49.047,261
-1.196,121.333,48
38.381,13.701,2
-3.302,142.945,4
13.036,93.068,2
-1.757,134.297,8
-1.884,29.004,2
41.789,14.872,29
35.517,74.654,11
2.824,96.085,3
35.414,74.515,19
39.736,97.443,2
18.770,-104.104,29
39.500,39.878,1
39.610,77.230,261
39.483,77.393,5
-8.294,120.743,4
39.007,40.464,177
39.430,77.219,1
36.964,3.634,2266
2.354,128.855,1
36.939,3.578,9
28.355,54.169,1
25.975,101.290,16
22.854,92.306,2
43.770,119.643,4
19.777,-70.673,3
50.038,87.813,3
25.954,101.254,3
38.400,100.951,9
34.712,103.834,1
27.372,103.971,4
12.025,125.416,1
42.905,80.515,11
35.706,-121.102,2
8.416,-82.824,2
28.995,58.311,31000
-8.310,115.788,1
-3.615,135.538,37
34.774,73.216,24
-.466,100.655,5
-3.393,29.558,3
35.142,-3.997,628
39.930,40.812,10
36.512,71.029,3
24.081,121.611,2
30.126,67.121,1
36.290,51.610,35
39.766,43.979,18
46.296,13.641,1
-38.000,176.510,1
33.426,69.524,2
39.634,43.966,1
27.266,103.873,4
38.377,39.261,1
-28.573,-65.840,1
37.226,138.779,40
-8.152,124.868,34
9.602,-84.172,8
15.679,-61.706,1
-3.609,135.404,32
3.316,95.854,1001
-1.198,119.933,1
37.622,43.703,2
-7.037,107.819,1
30.754,56.816,612
-26.913,26.789,2
33.807,130.131,1
2.085,97.108,1303
-19.987,-69.197,11
46.827,125.058,1
-5.678,-76.398,5
34.539,73.588,86000
38.152,26.751,1
23.604,107.798,1
29.695,115.689,16
26.774,55.858,13
-6.224,29.830,6
36.357,71.093,5
30.476,79.255,1
27.382,88.388,2
-21.324,33.583,4
33.129,73.887,1
36.623,5.328,4
27.574,55.685,1
33.500,48.780,70
-7.961,110.446,5749
26.759,55.843,2
27.995,104.138,22
37.255,68.828,3
28.012,104.151,1
10.814,-61.758,1
-8.251,118.777,1
.626,99.859,7
21.799,120.547,2
1.065,126.282,4
-.493,100.498,67
37.336,136.588,1
-8.466,157.043,54
23.028,101.052,3
37.570,138.478,9
38.936,70.485,12
47.116,141.798,2
39.465,-111.237,9
-13.386,-76.603,514
39.464,-111.207,3
-4.438,101.367,25
35.304,76.753,1
21.181,70.724,1
9.721,124.647,1
-22.247,-69.890,2
-8.277,118.339,3
14.944,-61.274,1
-15.048,-44.231,1
-39.011,178.291,1
35.616,-.570,1
1.011,97.442,1
-2.296,28.900,38
23.433,87.111,1
-2.404,28.918,1
2.768,95.964,3
31.002,103.322,87652
4.330,-73.764,6
32.570,105.424,8
35.883,-.658,1
37.963,21.525,2
39.030,140.881,13
-15.986,-71.748,1
39.802,141.464,1
32.747,105.542,1
32.756,105.494,4
25.044,97.684,5
26.272,101.937,43
-3.935,103.058,2
26.743,55.828,7
17.438,73.915,1
39.533,73.824,74
29.807,90.350,9
43.372,46.254,13
30.639,67.351,166
1.271,122.091,6
49.914,18.455,2
32.518,105.395,2
-.414,132.885,5
10.165,-84.197,23
42.334,13.334,306
42.275,13.464,1
34.185,70.076,19
16.720,-86.236,7
44.724,78.864,1
29.358,105.438,2
34.743,138.264,1
-7.782,107.297,81
27.332,91.437,11
-.720,99.867,1117
-2.515,101.501,3
36.517,70.950,5
-8.207,118.631,2
-26.414,27.494,2
-9.948,33.878,1
-10.108,33.818,3
-7.907,107.879,1
18.457,-72.533,316000
25.558,105.804,7
30.268,105.668,1
-36.122,-72.898,402
-24.872,-65.602,2
38.864,39.986,51
32.297,-115.278,2
33.165,96.548,2220
35.633,67.658,11
35.900,4.120,2
-2.174,136.543,17
16.396,-97.782,1
27.022,53.861,1
35.490,54.470,3
29.647,51.665,1
33.869,72.887,1
43.760,20.673,2
28.412,59.180,7
28.777,63.951,3
24.618,94.680,1
-43.583,172.680,181
24.719,97.969,25
38.297,142.372,1476
20.687,99.822,75
38.276,141.588,3
37.001,140.401,7
37.699,-1.672,10
39.120,29.040,2
-43.564,172.743,1
40.081,71.410,14
2.965,97.893,10
27.730,88.155,111
14.186,-90.238,1
38.722,43.513,604
-14.438,-75.966,1
27.449,88.684,2
38.429,43.229,40
17.844,-99.963,2
9.999,123.206,51
16.493,-98.231,2
-35.200,-72.217,1
2.327,93.063,10
-32.625,-71.365,2
38.612,70.354,1
44.890,11.230,7
44.851,11.086,17
36.023,69.351,75
27.767,100.781,4
32.978,119.593,1
2.707,96.045,1
38.329,46.826,306
-1.315,120.096,6
10.811,126.638,1
10.085,-85.315,2
27.575,103.983,81
13.988,-91.895,48
23.005,95.885,26
33.506,59.571,8
4.927,95.907,1
23.828,121.215,1
28.428,51.593,37
28.033,61.996,40
31.817,-97.088,14
30.308,102.888,196
34.526,70.220,18
33.061,75.863,3
26.560,57.770,1
23.789,121.141,4
4.645,96.665,42
34.512,104.262,94
28.229,99.370,5
14.643,-92.104,1
26.971,65.520,386
27.263,65.587,22
9.866,124.011,186
5.067,96.031,1
29.363,51.314,8
27.261,54.428,1
-19.642,-70.817,7
26.387,68.358,2
40.305,25.453,3
14.742,-92.409,5
17.842,-95.524,1
36.851,3.161,6
27.245,103.427,589
-26.986,26.741,1
-.076,-78.302,2
38.220,-122.313,1
-13.814,-71.744,8
23.386,100.487,1
12.526,-88.123,1
30.343,101.720,1
23.336,100.474,1
44.520,18.930,4
33.179,115.798,2
24.194,122.327,1
28.147,84.708,8200
27.837,86.077,117
5.987,116.541,18
37.468,78.136,3
33.884,73.225,3
-2.102,28.930,3
-31.573,-71.674,7
-25.420,-64.444,1
36.441,70.717,300
8.477,-71.365,1
38.755,20.552,2
38.258,72.767,2
36.500,71.132,2
24.834,93.656,13
22.939,120.593,116
36.472,71.131,6
32.782,130.726,50
.382,-79.922,662
.465,-79.641,1
-15.613,-71.671,4
42.714,13.172,297
20.919,94.579,3
-1.030,31.560,19
35.769,129.227,1
-2.650,29.060,3
34.905,73.682,1
42.934,13.043,1
-42.757,173.077,2
27.806,86.532,1
51.613,16.157,8
-15.294,-70.823,1
5.281,96.108,101
-10.665,161.335,1
.816,-79.740,3
24.015,92.018,2
28.200,53.107,4
42.601,13.227,29
9.911,125.461,8
