55.858553,-4.260442
55.05623634,-8.30318296
54.59393,-5.9286199
54.59192689,-5.91051588
54.61464514,-5.95732545
15.0,101.0
9.57150898,100.08387552
54.647,-5.951
54.5986345,-5.95561407
54.57728259,-5.97821172
54.57042401,-6.0166127
54.57257817,-6.0169851
54.56043717,-6.01672269
54.5884573,-5.92320272
54.57627656,-5.98954057
54.58859829,-5.92307623
54.57217955,-5.97273492
54.5726974,-6.01711423
54.5723015,-6.01352213
54.57308258,-5.97749102
54.59500773,-5.91315485
54.55854758,-6.02083982
54.56012135,-6.0156511
54.58846196,-5.92314547
54.5724231,-6.01675169
54.59134461,-5.97798267
54.57258534,-6.01693308
54.57418731,-5.98524218
54.57068114,-5.95974716
54.58735733,-5.98207868
54.58141531,-5.97821091
54.58148254,-5.97822941
54.5951052,-5.95158904
54.56513571,-6.00445102
54.58230821,-5.9775695
54.57403166,-6.00120898
54.57921515,-6.00506765
54.57905806,-6.00512065
54.57908194,-6.0050807
54.57922548,-6.00524829
54.57899558,-6.00505517
54.57907263,-6.00503394
54.57912187,-6.00521129
54.57908564,-6.00508837
54.57910376,-6.00505843
54.57907425,-6.00510561
54.5792231,-6.00544427
54.57903922,-6.00531523
54.57911824,-6.00510966
54.57915688,-6.0052165
54.57908093,-6.00506084
36.09189596,-115.17464464
53.3478,-6.2597
55.86505388,-4.2570431
55.86505388,-4.2570431
54.6185051,-5.9473525
54.6184866,-5.9474842
54.6186088,-5.9544013
54.6185209,-5.9473901
54.6185233,-5.9474161
54.6185229,-5.9474236
54.6185249,-5.9474149
54.6185288,-5.9474079
54.6185188,-5.947421
54.618521,-5.9474286
54.6185184,-5.9474264
54.6185194,-5.9474299
54.6185269,-5.9474065
54.6185232,-5.9474192
54.6185116,-5.9473472
54.6185255,-5.9474113
54.6185237,-5.9474168
54.6185016,-5.9473719
54.618517,-5.94743
54.6185183,-5.9474322
54.6179815,-5.9611027
54.6185501,-5.9473263
54.59958601,-5.9321538
33.7591705,-84.3877258
51.11153705,-0.18422031
54.58835724,-5.94643703
54.59984113,-5.9330777
54.58828713,-5.94647512
48.8534184,2.34831076
54.5885,-5.96233333
54.59416584,-5.93734978
54.58829013,-5.94649087
54.58831016,-5.94647489
54.58837845,-5.94643011
54.58831061,-5.94646292
54.5937413,-5.93985069
54.51391751,-6.04589099
54.58834226,-5.94644698
54.58849456,-5.94642161
54.34693585,-6.26979077
54.5886973,-5.82281505
54.81584044,-7.42205067
53.35108237,-6.25488653
54.81592233,-7.4217389
54.59583485,-5.95720894
54.5896497,-5.9650831
54.59923,-5.9320106
54.5814978,-5.9795925
55.827387,-4.2816405
54.58211306,-5.84301529
54.59488188,-5.84106633
54.5517833,-5.9176535
54.5770319,-5.8530844
48.17658913,11.55914068
54.32124494,-5.57677273
54.6872464,-5.9701423
54.6872386,-5.9701667
54.6872516,-5.9701713
54.6872295,-5.9701797
38.9,1.43333
40.70249,-73.99243
40.7116318,-74.0123596
40.7142,-74.0064
40.76452971,-73.99992591
40.76452971,-73.99992591
42.094883,-71.2662354
54.61917695,-5.94032603
54.58672167,-5.9642774
54.71729317,-6.22619545
54.58661765,-5.93661531
54.58664571,-5.9367195
54.58663582,-5.93670464
54.58808899,-5.93577576
54.58438929,-5.93725747
54.58439265,-5.93729145
54.58439265,-5.93729145
54.58667359,-5.9375322
54.58439636,-5.93727112
54.58439636,-5.93727112
54.58439636,-5.93727112
54.58439636,-5.93727112
54.58439636,-5.93727112
54.58439636,-5.93727112
54.58808903,-5.93577583
54.58674564,-5.93676204
54.58656423,-5.93653798
54.58627217,-5.93692779
54.58802364,-5.93581166
54.58653797,-5.93659054
54.58439636,-5.93727112
54.58439636,-5.93727112
54.5829277,-5.93780518
54.58720283,-5.93679246
54.59782634,-5.96805805
54.59807009,-5.96779126
54.58645733,-5.93660295
54.58641476,-5.93659063
54.58438929,-5.93725747
54.577612,-5.97919911
54.58439636,-5.93727112
54.59754944,-5.96195984
54.58442567,-5.93724621
54.59754884,-5.96195426
54.59820068,-5.96779738
54.583153,-5.93683059
36.624713,-4.508917
54.58097984,-5.97882755
54.5809915,-5.97885964
54.580927,-5.97864524
54.56317747,-6.026958
54.54841951,-6.02056556
54.5484464,-6.02042612
54.56322599,-6.02695889
54.56307679,-6.02721316
54.56303256,-6.026998
28.452388,-81.473313
53.426635,-6.2440196
54.61999489,-5.94951011
54.6588,-5.72843
54.5659013,-6.0218952
54.565941,-6.0218969
54.5659286,-6.0218855
54.5659286,-6.0218855
54.5659273,-6.0218903
54.5659273,-6.0218903
54.5659273,-6.0218903
54.5659084,-6.0218724
54.5658983,-6.0218565
55.8651059,-4.2555444
55.85799079,-4.24451314
55.87651709,-4.33200839
56.08333333,-4.56666667
54.5506407,-6.0245514
54.5617002,-5.992737
54.5617002,-5.992737
54.5616578,-5.9926936
54.5829192,-5.9633668
54.6060481,-5.9309351
54.6039623,-5.9312957
54.6061037,-5.9316489
54.6061037,-5.9316489
54.6061037,-5.9316489
54.6047321,-5.9345077
54.5611226,-5.9913333
54.616428,-5.9544247
54.604063,-5.931762
54.6047657,-5.931299
54.5980899,-5.9245751
54.598331,-5.925991
54.6047343,-5.9312014
54.5966262,-5.9298247
54.5938291,-5.9443927
54.5983233,-5.9259499
54.564563,-6.0203524
54.5949928,-5.9628964
54.5687333,-6.003254
54.5607132,-5.9920434
54.5983354,-5.9260383
54.5983659,-5.9259978
54.5983659,-5.9259978
54.6043426,-5.9295178
54.5827457,-5.9635511
54.5996346,-5.9303342
54.5979038,-5.9287739
54.5977409,-5.9272782
54.2063755,-5.8928768
54.6042653,-5.933571
28.47619478,-81.46914298
54.5784987,-6.0179631
54.5784712,-6.0181704
54.5892392,-5.9394225
54.5989591,-5.9084128
54.5989796,-5.908495
54.5989806,-5.908498
54.5989778,-5.9085116
40.415556,-3.707222
40.45293726,-3.68877017
54.56640543,-5.96682103
54.5818411,-6.0011857
54.59255618,-5.98145368
54.5926667,-5.98128956
54.59262625,-5.98141219
54.59259358,-5.98142678
54.59268275,-5.98145619
54.59258837,-5.98133088
54.59269146,-5.9814494
54.59268078,-5.98151076
54.59266875,-5.98122317
54.59291832,-5.98128218
54.59259801,-5.98128134
54.59260302,-5.98141873
54.59262374,-5.98140883
54.59260228,-5.98140625
54.59255274,-5.98146214
54.59269163,-5.98139282
54.59268015,-5.98141872
54.59264997,-5.98160589
54.59259805,-5.9816281
54.59272906,-5.98136776
54.5926063,-5.981427
54.59273442,-5.98149408
54.59265152,-5.98147935
54.59261442,-5.98142972
54.59257132,-5.98144671
54.59266691,-5.98131688
54.59269188,-5.98140707
54.59278543,-5.98137983
54.59256586,-5.98151235
54.59263585,-5.98145904
54.59260341,-5.98132552
54.59271858,-5.98130079
54.592513,-5.98138103
54.59261002,-5.98173531
54.59261527,-5.98152451
54.59250582,-5.98138875
54.59276443,-5.98137153
54.59735219,-5.98911846
54.59252383,-5.98126517
54.59267562,-5.98161008
54.59271112,-5.98146977
54.592647,-5.98142794
54.59258853,-5.98147647
54.59267629,-5.98140221
54.59260785,-5.9811816
54.59245526,-5.9813624
54.59267105,-5.98145812
54.59266904,-5.98139207
54.59260813,-5.98167359
54.59254494,-5.98145038
54.59259092,-5.98137237
54.59245116,-5.98109317
54.59261531,-5.98166367
54.59264593,-5.98148272
54.59264044,-5.98151021
54.59258302,-5.98148182
54.59266867,-5.98140121
54.59263676,-5.98153327
54.59260925,-5.98142118
54.59258669,-5.98148513
54.58642475,-5.9663969
54.59277403,-5.9813173
53.3771646,-2.9467803
53.3772254,-2.9467012
53.377177,-2.9466807
53.4065418,-2.988539
53.3836664,-2.9582382
53.38349566,-2.95798792
53.3836417,-2.9582462
53.3835977,-2.9582696
54.61653214,-5.96348801
54.61651497,-5.96300276
54.61659513,-5.96350287
54.61656201,-5.9634441
54.61657707,-5.96374884
54.61656853,-5.96356992
54.61680762,-5.96383686
54.61662076,-5.96380154
54.61660059,-5.96368837
54.6166558,-5.96383714
54.61662004,-5.96379292
54.61662001,-5.96380076
54.61656443,-5.96357013
43.24046734,6.65915336
54.58711419,-5.8182506
53.76613588,-2.77393395
53.33666138,-6.28717315
54.57028556,-5.94382611
54.49649375,-6.05529439
53.7667673,-2.77390494
53.7667673,-2.77390494
54.57179228,-5.99746537
54.57665557,-5.96415429
54.56013967,-6.02621874
54.55554466,-6.02030439
54.55544329,-6.01992247
54.56830966,-6.01106657
54.56000183,-6.02624631
54.57167397,-5.99759387
54.55997824,-6.02616308
54.55997824,-6.02616308
54.55573883,-6.01960693
54.56005388,-6.02577274
54.55997187,-6.02604054
54.55999077,-6.02593275
54.55932604,-6.02636106
54.55982535,-6.0244406
54.56259147,-5.98086626
54.57272079,-5.96914538
54.5600292,-6.02597784
54.58114028,-5.97975131
54.56003741,-6.02593099
54.56428813,-6.01809248
54.56010359,-6.02626484
54.60059686,-5.93343099
54.59477521,-5.95646538
54.56022219,-6.02599528
54.56031867,-6.02599561
54.55978344,-6.02604657
54.56015363,-6.02612419
54.55560046,-6.0204454
54.55984522,-6.02533394
54.55997881,-6.02614093
54.55593114,-6.02113591
54.56046401,-6.02596544
54.5605824,-6.02925013
54.56012553,-6.02602864
54.56017593,-6.02636884
54.5602234,-6.02634386
54.56019805,-6.02625243
54.56015326,-6.02617445
54.5601162,-6.02624682
54.57675286,-5.95458377
54.57671547,-5.95453926
54.5601038,-6.02624229
54.56010467,-6.02603086
54.59847511,-5.92522418
54.5910435,-5.96447181
54.55996463,-6.02613553
54.56011662,-6.02604739
54.56011659,-6.02604735
54.56006554,-6.02599422
54.55998626,-6.02617151
54.56012232,-6.02617742
53.34751,-6.228482
53.34758331,-6.22765484
53.34751,-6.228482
53.34758331,-6.22765484
53.34758331,-6.22765484
54.59103037,-5.96205026
54.59104771,-5.96207596
54.59094428,-5.96231251
54.59086472,-5.96237674
54.59101166,-5.9620566
54.66868121,-5.95587348
54.59351911,-5.95805959
54.59098561,-5.96225296
54.59086766,-5.96236724
54.59084698,-5.96239207
54.59086653,-5.96224634
54.59131998,-5.96193255
54.59091237,-5.96220019
54.60340849,-5.91352171
54.61909177,-5.93143418
54.61916419,-5.93142458
54.57605951,-5.99237446
54.57604308,-5.99271333
54.57612195,-5.99219407
54.57607955,-5.9923113
54.57604685,-5.99227278
54.57619177,-5.99177113
54.57608964,-5.99231815
54.60070496,-5.93094339
54.57603904,-5.99263328
54.57609576,-5.99234854
54.60071802,-5.93093712
54.57608942,-5.99250414
54.57608687,-5.9922898
54.57597419,-5.99198349
54.57606065,-5.99244951
54.60398824,-5.91637185
54.57607443,-5.99227446
54.57586618,-5.9923328
54.57598658,-5.99261586
54.57608316,-5.99227998
54.57609358,-5.99233255
54.57604752,-5.99215058
54.60055789,-5.93021865
54.57610255,-5.99254268
54.57616713,-5.99197808
54.57614046,-5.99226412
54.57607625,-5.99241386
54.57616051,-5.99234386
54.57613213,-5.99224588
54.57602363,-5.99237504
54.57607296,-5.99250329
54.57617974,-5.99261594
54.57608172,-5.99259934
54.57619823,-5.99227111
54.57622869,-5.99229491
54.57605133,-5.99229651
54.56892961,-5.99027848
54.57605835,-5.99253577
54.60075597,-5.93096802
54.57608617,-5.99244398
55.20202457,-6.2536883
55.20209018,-6.25397334
55.2021469,-6.25420688
55.20225624,-6.25390987
55.20203034,-6.25365087
55.20216906,-6.25354216
55.2020397,-6.25373758
55.20202776,-6.2536942
55.2020433,-6.25375199
55.20205346,-6.25370279
55.20197988,-6.25361541
55.20201083,-6.25370931
55.20200467,-6.25366384
55.20205789,-6.25368357
55.20211547,-6.25379291
55.20202921,-6.25350351
55.20202286,-6.25368474
55.20205752,-6.25365271
55.20318968,-6.26286919
55.20203578,-6.25370992
55.20203426,-6.25364391
55.20203509,-6.25365863
55.20211628,-6.25381871
55.20203056,-6.25363888
55.20213378,-6.25413923
55.20186971,-6.25393373
54.59124015,-5.960909
54.5986433,-5.9315488
54.61948894,-5.93705524
54.61952605,-5.93764064
54.6194917,-5.93706305
54.61951,-5.937008
54.61949,-5.93703
54.61949442,-5.93722096
54.6194891,-5.93705853
54.6194891,-5.93705853
54.6194929,-5.93703531
54.6194929,-5.93703531
54.6194891,-5.93705853
54.61948892,-5.93705823
54.6194891,-5.93705853
54.61949,-5.936995
54.61948646,-5.9370415
54.61948643,-5.93703268
54.61948996,-5.93702287
54.619485,-5.936952
54.22437765,-5.89111403
54.21360523,-5.89559751
54.61941834,-5.93716412
54.61949,-5.93695
54.61949579,-5.93699491
54.61949623,-5.93699152
54.2243815,-5.89115887
54.60026169,-5.92560434
54.59136081,-5.97470786
54.56417074,-6.02492607
54.59137242,-5.97464193
54.59135962,-5.97464863
54.59138509,-5.97465052
54.5642563,-6.02499267
54.56424675,-6.02490406
54.59135502,-5.97464751
54.56427178,-6.02505568
54.59136498,-5.97458871
54.59140895,-5.97472108
54.5987531,-5.9119138
54.6180647,-5.9636774
55.84947575,-4.20610581
54.94374704,-7.69809794
64.1333,-21.9333
54.60773228,-5.91026148
54.55491911,-6.0518074
54.59835679,-5.9595832
54.55459479,-6.05120888
54.5734452,-6.0032283
54.5734788,-6.0030775
54.606094,-5.9359179
54.5840425,-5.9252581
54.57333,-6.0028376
54.5841815,-5.9253972
54.5841957,-5.9254191
54.564386,-6.0168224
54.5686777,-6.0056242
54.5643895,-6.0168488
54.558405,-5.9933509
54.5643886,-6.0168326
54.5643887,-6.0168395
54.5643747,-6.0168194
54.6002643,-5.9342362
54.5857951,-5.9319455
53.4043335,-2.9821384
53.4083202,-2.9832477
53.4028871,-2.9751912
54.5733449,-6.0026588
54.6153985,-5.9549456
54.6154052,-5.955029
54.6154136,-5.9550056
54.56828777,-6.02145627
54.5299132,-6.07311427
54.52991921,-6.07327027
54.53036892,-6.07297488
54.52988164,-6.0731585
53.3851,-6.0591
54.6803703,-5.8857698
52.84049037,-6.91005648
53.35487429,-6.30581163
54.15127934,-4.47769741
54.15127934,-4.47769741
54.68756936,-5.88311472
53.27215339,-9.04969955
53.27485764,-9.05865898
54.6200776,-5.9495178
54.6200778,-5.9495223
54.6200778,-5.9495223
54.6200778,-5.9495223
54.6201229,-5.9495232
54.6200791,-5.9495153
54.6200775,-5.9495217
54.6259542,-5.9654622
54.6200558,-5.9494957
54.6199982,-5.9493139
54.5954209,-5.9350014
54.6199136,-5.9491827
54.6199101,-5.949173
54.6199551,-5.9492923
54.6259475,-5.9654783
54.6200729,-5.9495047
54.6200771,-5.9495223
54.6200771,-5.9495223
54.6200331,-5.9494621
54.6200771,-5.9495183
54.6259502,-5.965475
54.6259502,-5.965475
54.6200477,-5.9493843
54.6201151,-5.9491827
54.6201151,-5.9491827
54.6201151,-5.9491827
54.6201151,-5.9491827
54.61999,-5.9494088
54.620077,-5.9495225
54.620077,-5.9495223
54.620077,-5.9495223
54.6200763,-5.9495203
54.6201082,-5.9495528
54.6201082,-5.9495528
54.6200767,-5.9495048
54.6283916,-5.943448
54.6283901,-5.9434508
54.6283901,-5.9434508
54.6199014,-5.9491368
54.6198735,-5.9490976
54.6200774,-5.9495219
54.6200356,-5.94947
54.6200596,-5.9494599
54.6200596,-5.9494599
54.6200596,-5.9494599
54.6200785,-5.9495195
54.6200785,-5.9495195
54.620077,-5.9495173
54.6200778,-5.9495174
54.6200778,-5.9495174
54.6201038,-5.9495455
54.6201038,-5.9495455
54.6199271,-5.9490052
54.6200946,-5.9496085
54.6200946,-5.9496085
54.6200773,-5.949522
54.6201117,-5.9494968
54.6200371,-5.9494807
54.6200906,-5.9495006
54.6200769,-5.9495493
54.6200761,-5.9495417
54.6200777,-5.9495397
54.6187667,-5.9543341
54.6187667,-5.9543341
54.6200548,-5.9495047
54.6200548,-5.9495047
54.6541019,-5.9268263
54.6261979,-5.9435147
54.6736309,-5.9022752
54.5957669,-5.952129
54.5957135,-5.9521041
54.5957461,-5.9521225
54.5957632,-5.9520473
54.5957072,-5.952104
54.5957879,-5.9520365
54.5957619,-5.9520294
54.59588,-5.9516864
54.5957423,-5.952118
54.5957647,-5.9520324
54.58137205,-5.98278228
54.5813724,-5.98277985
54.5911553,-5.98987643
54.59949022,-5.95864282
54.59945894,-5.95864688
54.59946094,-5.93098816
54.59948254,-5.95865292
54.5996417,-5.95865037
54.59960823,-5.95867068
54.5995745,-5.95871263
54.59967472,-5.95864174
54.59947017,-5.95864686
54.59958738,-5.958701
54.59951493,-5.95864711
54.59468816,-5.95865138
54.59499413,-5.95835663
54.59465089,-5.9588153
54.59955369,-5.9510552
54.59612133,-5.96024774
54.59960444,-5.95863403
54.59686498,-5.96010782
54.59610211,-5.96055957
53.74044608,-6.40022127
54.59927964,-5.93041146
54.59937111,-5.93046155
54.59968239,-5.95863076
54.59536421,-5.95802133
54.59500445,-5.95877862
54.59566755,-5.9644117
54.59876615,-5.95858043
54.5950043,-5.95867663
54.5986939,-5.95866669
54.59468845,-5.95821996
54.59505587,-5.95856915
54.59967573,-5.95861676
54.5995177,-5.9586687
54.59952646,-5.95861455
54.59957058,-5.95863101
54.59955572,-5.95867852
54.5946369,-5.95783926
54.59963835,-5.95896923
54.59966626,-5.958514
54.59890391,-5.95836567
54.59644953,-5.96022731
54.59948792,-5.93001668
54.59939602,-5.95934959
54.59929129,-5.93018283
54.59929127,-5.93018278
54.59964039,-5.95875924
54.5995265,-5.9586616
54.59691549,-5.959643
54.59875974,-5.95826444
54.59875301,-5.95828635
54.59962104,-5.95870666
54.59877898,-5.9582806
54.59867225,-5.95817428
54.59856517,-5.95818602
54.59881585,-5.95814504
54.59877173,-5.95827707
54.59965108,-5.95873905
54.59965108,-5.95873905
54.59957791,-5.95872325
54.59985155,-5.96298393
54.5964192,-5.99267695
54.59644747,-5.99269967
48.860854,2.335812
48.85431317,2.48853267
54.59738,-5.924976
54.5957062,-5.96544
54.5957852,-5.9654735
28.92177867,-13.67079231
28.92177867,-13.67079231
28.92177867,-13.67079231
54.60878777,-5.92718272
54.5941747,-5.9349969
54.5937932,-5.9348463
54.5937668,-5.9348175
54.5938112,-5.9348484
54.5996375,-5.9191272
54.5939353,-5.9351691
54.6012064,-5.9232739
54.5971904,-5.928692
54.6013055,-5.9047524
54.5941107,-5.9350893
54.5999931,-5.906132
54.6013158,-5.9046625
54.6017154,-5.9314512
54.5933214,-5.9279143
54.6000226,-5.9064603
54.5999063,-5.9066025
54.6013088,-5.9047958
54.5907925,-5.9307117
54.5984818,-5.9209636
54.601311,-5.9048057
54.8644334,-5.8448429
54.6050015,-5.9257906
37.1,-8.66667
54.31244302,-5.75417785
38.984722,-76.506944
28.34628039,-81.63366207
28.5265,-81.3827
29.89699984,-81.31348618
28.60530723,-80.66936418
28.3756625,-81.5494125
28.47966881,-81.4697693
40.1808,-76.1825
40.0399,-76.3044
40.03794513,-76.30469507
40.03789939,-76.30444765
40.048611,-76.310833
38.8973313,-77.03548372
39.80136846,-76.98297426
39.80062349,-76.98315382
40.2907782,-76.65316
40.03790321,-76.30470103
38.2289,-85.7495
38.25477,-85.7408211
39.94948611,-75.15029444
40.0399,-76.3044
40.29738879,-76.64336539
39.95338432,-75.93507136
38.8931694,-77.0191803
38.89269415,-77.01932365
38.8750862,-77.00080093
40.74224172,-74.0054512
40.77893666,-73.9622982
40.0383606,-76.3065109
40.28666263,-76.88335419
40.043808,-76.298371
39.96680103,-76.728684
41.69554829,-77.45532326
41.24032122,-77.00568169
41.7475,-77.29805556
40.09418169,-76.34971203
40.86466711,-75.73763685
40.86358428,-75.73825345
40.09418169,-76.34971203
40.03816866,-76.31367906
54.25266,-5.6447935
54.5984552,-5.9548373
54.5984484,-5.954841
54.5984247,-5.9548315
54.5984509,-5.9548559
54.5984552,-5.9549435
54.5984337,-5.954982
54.5984537,-5.9549763
54.5984746,-5.9549085
54.252764,-5.6447906
54.2527506,-5.6447905
54.5983124,-5.9602908
54.5984865,-5.9549674
54.5984985,-5.9549341
54.5985066,-5.9549549
54.5984998,-5.9549365
54.5985014,-5.9549313
54.5985104,-5.9549302
54.5985137,-5.954907
54.5984912,-5.9549471
54.598507,-5.9549375
54.5985026,-5.9549232
54.5985085,-5.9549361
54.598487,-5.9549678
54.5985085,-5.9549745
54.5984874,-5.9550114
54.5985016,-5.9549248
54.5985278,-5.9549944
54.5985439,-5.9549821
54.5985339,-5.955001
54.5985333,-5.9550134
54.5985498,-5.9550238
54.59857,-5.9550121
54.598535,-5.9550115
54.5985332,-5.9550138
54.5985317,-5.9550326
54.5985435,-5.9549836
54.5985539,-5.954987
54.5985442,-5.9549538
54.598528,-5.9550091
54.5985653,-5.9549753
54.2526284,-5.6447636
54.5987588,-5.9550968
54.5984147,-5.9546395
54.59870791,-5.93160831
48.88694444,2.34111111
53.40339415,-3.01609575
50.61175998,3.13051262
47.39130169,8.52488972
54.61945339,-5.94010477
54.58816411,-5.93274743
54.61925313,-5.94723714
54.68844168,-8.06628286
38.3962087,-0.5185577
38.3961866,-0.5185526
38.3962361,-0.5184741
38.3961623,-0.5185584
38.3962402,-0.518551
38.3962039,-0.5186611
38.3963072,-0.5188361
38.3962539,-0.5186274
38.3962786,-0.5187493
54.6256946,-5.9421094
38.3962322,-0.5187132
38.3962673,-0.5187893
38.3962276,-0.5186455
38.3963303,-0.5188871
38.3961652,-0.5184656
38.3967961,-0.5182185
38.3961961,-0.5184623
38.3962854,-0.5187382
38.3963196,-0.5188808
38.3962358,-0.5188466
38.3961015,-0.5184605
38.3962464,-0.5187416
38.3962556,-0.5187619
38.3962929,-0.5187915
38.3963353,-0.5188761
38.396363,-0.5189398
38.3962312,-0.5188421
38.3962511,-0.5187176
38.3961906,-0.51851
38.3962814,-0.5185899
38.3962947,-0.5188408
38.3963102,-0.5188534
38.3961476,-0.5186813
38.3962603,-0.5187758
38.3963202,-0.5188895
38.3962969,-0.5188292
38.3962334,-0.5186882
38.396253,-0.518473
38.3963499,-0.5187491
38.3961568,-0.5184868
38.3961808,-0.5184791
38.3962882,-0.5187988
38.3962638,-0.5185111
38.3962999,-0.5188926
38.3963101,-0.5188117
38.3445758,-0.4814178
38.3449211,-0.4811856
38.3448575,-0.4810911
54.6256507,-5.9421877
54.6256945,-5.9421857
54.56566496,-5.98366582
54.56555199,-5.98393288
54.5656901,-5.98376301
54.56559164,-5.98386423
54.56566507,-5.98389122
54.56555036,-5.98387504
54.61123948,-5.93348002
54.61121388,-5.9336604
54.62751174,-5.99112091
54.54851646,-5.96823138
54.54846427,-5.96818493
54.62765595,-5.99117325
54.62772677,-5.99131507
54.62766273,-5.99128967
54.62762741,-5.99114323
54.62779664,-5.99127157
54.6277471,-5.99115917
54.62761289,-5.99110488
54.62775858,-5.99121499
54.62763984,-5.99117973
54.65228652,-5.92166702
54.65228652,-5.92166702
54.65228652,-5.92166702
54.65232465,-5.92164874
54.65232465,-5.92164874
54.62778943,-5.99112882
54.62773738,-5.99127668
54.62776604,-5.99119975
54.61099654,-5.93386819
54.62772879,-5.99143719
54.62770402,-5.99112949
54.62768017,-5.9912864
54.62769375,-5.99129059
54.62770372,-5.9912719
54.62768675,-5.9912305
54.62771843,-5.99129462
54.62753777,-5.99105579
54.62757134,-5.99115654
54.6277468,-5.99128263
54.62773222,-5.99127232
54.62766288,-5.99120605
54.62764713,-5.99116413
54.62753015,-5.99104894
54.62753184,-5.99110792
54.62784728,-5.99112707
54.6277357,-5.99125673
54.62778006,-5.99124576
54.62773838,-5.99121675
54.62750227,-5.9910962
54.62749016,-5.99110905
54.62760721,-5.99118446
54.62774156,-5.99130543
54.59558707,-5.92426901
54.62766667,-5.99103587
54.62768415,-5.99133292
54.62752632,-5.99107548
54.25824799,-5.94056597
54.25825079,-5.94056291
54.25825079,-5.94056291
54.5878367,-5.9727573
54.5864151,-5.9737643
54.5842256,-5.9880382
54.59059595,-5.9744108
54.591342,-5.9614986
54.6047269,-5.9821841
54.5896254,-5.9787903
54.5896254,-5.9787903
54.5875827,-5.9800833
54.5875827,-5.9800833
54.5873757,-5.9815899
55.12424832,-6.64095218
54.6046939,-5.981838
54.6046939,-5.981838
54.5873757,-5.9815899
54.5913845,-5.9609769
54.5913845,-5.9609769
54.5913845,-5.9609769
54.59294857,-5.9827661
54.59294857,-5.9827661
54.5768858,-5.9883795
54.59294857,-5.9827661
54.59294857,-5.9827661
54.59294857,-5.9827661
54.59294857,-5.9827661
54.59303985,-5.98290423
54.5929446,-5.98276095
54.59294857,-5.9827661
54.5986706,-5.9858223
54.5986706,-5.9858223
54.604782,-5.9736192
54.5986706,-5.9858223
54.5986706,-5.9858223
54.604782,-5.9736192
54.5986706,-5.9858223
54.5986706,-5.98584125
54.5929519,-5.9827689
54.5929519,-5.9827689
54.59294857,-5.9827661
54.5929446,-5.98276095
54.59294857,-5.9827661
54.5929446,-5.98276095
54.59294857,-5.9827661
54.59294857,-5.9827661
54.59294857,-5.9827661
54.59294857,-5.9827661
54.5921489,-5.9708648
54.6043155,-5.9817997
54.6043155,-5.9817997
54.5900007,-5.9817383
54.56478643,-6.0013016
54.56479643,-6.0013927
54.56479643,-6.0013927
54.56479643,-6.0013927
54.5647638,-6.0011131
54.5676469,-5.9658799
54.56455457,-6.0010541
54.56604817,-6.02007119
54.56603108,-6.02003811
54.56601365,-6.0198498
54.56601219,-6.01994381
54.5647462,-6.0010948
54.56480143,-6.0014798
54.56480143,-6.0014798
54.5647462,-6.0010948
54.5647638,-6.0011131
54.56479643,-6.0013927
54.56476895,-6.0010799
54.56459905,-6.0011171
54.5647814,-6.0011314
54.5647814,-6.0011314
54.6893606,-5.8556216
54.6789022,-5.8731914
54.65217855,-5.80241314
54.5647999,-6.0012038
54.5647999,-6.0012038
54.5647999,-6.0012038
54.59069147,-5.97483833
54.576619,-5.98121485
54.5751936,-5.9834498
54.5742449,-5.98624177
54.5647565,-6.0010284
54.5645866,-6.0010656
55.20543848,-6.23968992
54.60108047,-5.92624643
54.6706525,-5.9567908
53.34262763,-6.26006336
54.5679898,-5.9986193
54.57889306,-5.97078787
54.57889306,-5.97078787
54.57928976,-5.9795272
54.68866184,-5.88371176
54.57889306,-5.97078787
54.57889306,-5.97078787
53.54544642,-2.65373751
54.57889306,-5.97078787
54.55318,-5.91837
54.55318,-5.91837
54.57889306,-5.97078787
54.57889306,-5.97078787
53.54426101,-6.46198675
53.479,-2.24185
53.4667,-2.2333
53.4842911,-2.2298012
54.59712704,-5.90653296
54.59724097,-5.90670397
54.59726019,-5.90671504
54.59720759,-5.90672976
54.59733327,-5.90672623
54.59730816,-5.90672172
54.5972647,-5.90672067
54.59728154,-5.90673434
54.59726695,-5.90672253
54.59738331,-5.90672215
54.59717708,-5.90678693
54.59711807,-5.90673245
54.59719051,-5.90670193
54.59718429,-5.9066783
54.59735201,-5.90674452
54.59732079,-5.90671182
54.59718714,-5.90674208
54.59713647,-5.90668559
54.59629142,-5.91176231
54.59729329,-5.90673666
54.59732114,-5.90674992
54.59720038,-5.90670252
54.59733477,-5.90680602
54.59735493,-5.9068434
54.5973563,-5.90688414
54.59730715,-5.90665322
54.59730691,-5.90681295
54.59731795,-5.90679798
54.59735513,-5.90688597
54.59735071,-5.90684384
54.59727574,-5.90674383
54.59734671,-5.90671252
54.59723993,-5.90674513
54.59618928,-5.91149608
54.59727651,-5.90674511
54.59721599,-5.90675216
54.59733,-5.90676414
54.59735081,-5.9067888
54.59731691,-5.90680416
54.59726564,-5.90667419
54.59733498,-5.90673784
54.59736281,-5.90662941
54.59766893,-5.9070274
54.59746278,-5.9065892
54.59674868,-5.90616583
54.59733873,-5.90675906
54.59737666,-5.9068795
54.59734728,-5.90665106
54.59722327,-5.90677368
54.59733397,-5.90672841
54.59733481,-5.90672634
54.59732628,-5.90676059
54.59732613,-5.90685336
54.59722192,-5.90662331
54.59921559,-5.90732833
54.59927207,-5.91964747
54.59735368,-5.90693983
54.59733396,-5.90685036
54.59732684,-5.90685372
54.59732671,-5.90685248
54.59732648,-5.90684787
54.59732537,-5.90685423
54.59691394,-5.90673201
54.5973432,-5.90686623
54.59723672,-5.9067363
54.5973332,-5.90685825
54.59732696,-5.90684344
54.59732889,-5.90684291
54.59732645,-5.906845
54.59733056,-5.90685094
54.59732808,-5.90684455
54.59732709,-5.90684376
54.59699235,-5.90678827
54.59719703,-5.9063416
54.59732594,-5.9068369
54.59728394,-5.90671997
54.59728398,-5.90672007
54.547605,-6.03171
54.56075062,-5.9993723
54.6004396,-5.9958819
54.59781702,-5.90868184
54.59757523,-5.90860423
54.59771705,-5.90857857
54.59670528,-5.89548169
54.59766819,-5.90858887
54.59766365,-5.90860455
54.59780907,-5.90861221
54.59744317,-5.90934262
54.59763997,-5.90858057
54.59764467,-5.90856146
54.59742274,-5.90853869
54.59767887,-5.9085094
54.59770074,-5.90862569
54.59769016,-5.90855205
54.59636604,-5.89852083
54.59765811,-5.90832882
54.59772408,-5.90856891
54.5965418,-5.81143608
54.59793814,-5.90870294
54.59689933,-5.89446294
54.67020742,-5.95027841
54.59769261,-5.90854916
54.59709089,-5.89657413
54.5790289,-5.9450849
54.579014,-5.9449748
54.5790407,-5.9449635
54.5789672,-5.9450209
51.6775061,-0.9552183
54.5789776,-5.9450389
54.5789165,-5.9450257
54.5789717,-5.9450358
54.5789465,-5.9450531
54.5789551,-5.9450413
54.5790064,-5.9450398
54.5790017,-5.9450379
54.5789619,-5.9450393
54.5789775,-5.9450388
54.5789646,-5.9450392
54.5790559,-5.945054
54.5790488,-5.9450263
54.5789987,-5.945038
54.5789866,-5.9450105
54.5789907,-5.9450196
54.5789931,-5.9450286
54.5789885,-5.9450052
54.5807924,-5.9407754
55.0371487,-1.7104898
54.9752418,-1.619267
54.9737602,-1.6213233
54.5975,-5.920278
54.6008,-5.92444
54.5969,-5.9292
54.5708103,-5.96311802
54.59085,-5.92521
54.59121391,-5.92497496
54.57070744,-5.96289322
54.57056878,-5.9629034
54.60071,-5.92669
54.56834062,-6.02663355
54.56833751,-6.02662288
54.56825048,-6.02626821
54.56831329,-6.02648909
54.56834543,-6.02658702
54.55660326,-6.02607646
41.3972299,2.18913306
-37.860873,145.00605
54.5715893,-5.9081198
54.5715864,-5.9080534
53.4114373,-2.9649443
53.4114067,-2.9649803
54.5998526,-5.9095914
54.5998483,-5.9095891
54.5671814,-6.0162385
54.5672743,-6.0160954
54.5672936,-6.0162077
54.5673166,-6.0160748
54.5671749,-6.016333
54.5673414,-6.0156208
54.5671786,-6.0163059
54.5671883,-6.0162425
54.5895795,-5.9644068
54.5895795,-5.9644068
54.5895795,-5.9644068
54.5896145,-5.9646101
54.5977916,-5.9351516
54.5977916,-5.9351516
54.5899306,-5.9559798
54.5899306,-5.9559798
54.5899306,-5.9559798
54.5899306,-5.9559798
54.5899306,-5.9559798
54.5895692,-5.9648218
54.5895692,-5.9648218
54.5895692,-5.9648218
54.5906648,-5.9631529
54.6036009,-5.9010427
54.6036009,-5.9010427
54.6036009,-5.9010427
54.5956511,-5.9283982
54.5956993,-5.9283936
54.5956861,-5.9284393
54.5749612,-6.020116
54.6033252,-5.9148856
54.6033318,-5.9147394
54.5749742,-6.0201223
54.5749714,-6.020191
54.5750543,-6.0202197
42.77643669,-73.90342585
42.77646707,-73.90325608
42.77644008,-73.90326888
42.7764615,-73.9032068
42.77639851,-73.90325116
42.7764612,-73.9032088
42.7764612,-73.9032088
42.7764559,-73.9029633
42.7763616,-73.9030269
42.7764615,-73.9032084
42.7764605,-73.9032086
42.77633696,-73.90327917
42.77633696,-73.90327917
42.7764612,-73.9032088
42.77610718,-73.90321878
42.7764613,-73.9032085
42.7764609,-73.9032085
42.7763673,-73.9030295
42.77643805,-73.90318558
42.7764613,-73.9032085
42.7764609,-73.9032082
42.77651002,-73.90334881
54.5968171,-5.9308106
54.5758378,-5.9993993
54.5758283,-5.9994352
54.5759013,-5.999499
54.6210982,-6.2225735
54.6210968,-6.222552
54.5758732,-5.9994839
54.6212134,-6.2224449
54.5759147,-5.9995176
54.5759287,-5.9995242
54.5759168,-5.9995167
54.687375,-5.8830255
54.6212133,-6.2224571
54.5914901,-5.9748532
54.575874,-5.9995388
54.9959724,-7.3190839
54.9959473,-7.3191117
36.2363543,-112.68851826
54.5734548,-5.94751983
54.57326956,-5.94679925
54.58990345,-5.99047879
54.58978776,-5.99029549
54.58996506,-5.99043221
54.58995619,-5.99048127
54.5899512,-5.99047088
54.58994572,-5.99039713
54.55221249,-6.00232554
54.5520697,-6.00245177
54.55215439,-6.00235124
54.55206153,-6.00234599
54.55217347,-6.00223181
54.64668337,-5.91695225
54.60162625,-5.91571843
41.37898512,2.17575008
54.58827252,-5.96564628
54.59460908,-5.96299631
54.5967909,-5.96584356
54.58813732,-5.96583844
54.5882742,-5.96598621
54.59454512,-5.96288801
54.594474,-5.96286639
54.59755539,-5.9648503
54.59456713,-5.96330796
54.59453828,-5.96302364
54.59459508,-5.96295568
54.59451928,-5.96307364
54.59952973,-5.95106754
54.59457948,-5.96304283
54.59457332,-5.96301704
54.5945341,-5.9629984
54.59464575,-5.96287292
54.59468284,-5.962829
54.59446717,-5.96310435
54.59459923,-5.96304098
54.59684364,-5.96444441
54.59453159,-5.96295658
54.59452755,-5.96301193
54.59459233,-5.96285939
54.59957611,-5.95107527
54.58827546,-5.96572571
54.59954442,-5.95108038
54.58990754,-5.9684728
54.59460157,-5.96306462
54.59457448,-5.96304061
54.59457785,-5.96283428
54.59448188,-5.96307132
54.59458299,-5.96294398
54.59471838,-5.96287385
54.59445988,-5.96311038
54.59468791,-5.96290184
54.59453234,-5.96290922
54.59456964,-5.9628031
54.59455694,-5.96294375
54.59458084,-5.96296102
54.59463001,-5.96306702
54.5935808,-5.9537286
38.9805492,1.3045224
53.63898878,-6.25723476
54.57223863,-5.96920821
53.43054,-2.94747
53.39931903,-2.99125456
53.39931903,-2.99125456
54.68844168,-8.06628286
3.1417673,101.6976999
28.2166781,83.9588703
-32.0757648,115.7596919
-37.8208624,144.9550645
-37.8208075,144.9551142
-37.8208957,144.9551221
-37.8207632,144.9550165
-37.8209056,144.9551032
-37.7022264,144.9663859
-37.7012361,144.9685084
-37.7012361,144.9685084
-37.7022264,144.9663859
-37.7103184,144.9623303
-37.8208292,144.9517217
-37.70345825,144.97792925
-37.7022257,144.9663818
-37.7189836,144.9642466
-37.8202698,144.9555103
-37.8206352,144.955858
54.63036003,-5.93409694
54.63032707,-5.93409146
55.07319266,-6.05481653
54.5523694,-6.0222777
54.5772583,-6.0253152
54.5859417,-6.0041845
54.57478354,-6.02520178
54.5748632,-6.02506526
55.12428698,-7.19740078
55.27779079,-7.39396697
55.27779363,-7.39403847
54.57109833,-6.00402212
54.57484203,-6.0250461
54.57471843,-6.02497456
54.57484183,-6.0249871
54.6008567,-5.9582321
54.6018421,-5.9309252
54.591408,-5.9236268
54.6008814,-5.958182
54.6003759,-5.9609016
54.5601118,-5.899002
54.600884,-5.958199
54.5600705,-5.8991129
54.5601455,-5.8988075
54.6008673,-5.9582045
54.6008722,-5.9581582
54.6008688,-5.9581551
54.6008578,-5.9581477
55.84926223,-4.20599292
55.84958907,-4.205635
53.34550683,-6.26324992
54.8908,-5.8466
54.5961235,-5.9932468
54.5960454,-5.99324
54.59852633,-5.90991864
54.5984336,-5.9100813
54.5984458,-5.9099984
54.5984355,-5.9100997
54.59852294,-5.90990318
54.5983987,-5.9100121
54.5984311,-5.910024
54.5984311,-5.910024
54.5984086,-5.9098277
54.5984761,-5.9098569
54.5984572,-5.9098484
54.5984577,-5.9098404
54.5984589,-5.9098931
52.9221917,-1.4966069
52.9222195,-1.4966231
52.9222154,-1.4966198
52.9222455,-1.4965892
52.9223307,-1.4968033
52.921726,-1.4987869
54.5983472,-5.9100127
51.8291934,10.78607487
51.82919328,10.786076
54.59859488,-5.90976395
54.59848879,-5.90996384
54.58748815,-5.81793691
54.5538957,-6.03437165
54.55392587,-6.03442563
54.55394338,-6.03418313
54.55400072,-6.03414751
54.5539685,-6.03415917
54.58179684,-5.96328381
54.58177077,-5.96328867
54.55603882,-6.02628732
54.55395159,-6.03416708
54.58134608,-5.86731763
54.61417222,-5.96337503
54.6142168,-5.9632345
54.61418881,-5.96338144
54.6141869,-5.9632116
52.92587776,-1.13723664
54.61421,-5.9632531
54.61417775,-5.96356163
54.61392486,-5.96339978
54.61410342,-5.96323286
54.61424873,-5.96314509
54.6142096,-5.9633782
54.74256762,-6.0080107
54.7333127,-5.966573
54.6142404,-5.9633795
54.6141915,-5.9633005
54.6003035,-5.9716087
54.6003512,-5.971671
54.58111111,-5.69194444
54.57274912,-6.02067265
54.57274477,-6.02072178
54.57291484,-6.02067605
54.6040599,-5.93092999
54.59936695,-5.93022202
54.59935086,-5.93033426
54.60630423,-5.93016936
54.60630423,-5.93016936
54.59451241,-5.93536542
54.60626575,-5.93011498
54.59476083,-5.93438828
39.8747277,-75.2410659
54.55632974,-6.01745493
54.55632884,-6.01746388
54.55620937,-6.01740637
54.5562569,-6.01739744
54.55620043,-6.01740275
54.55622767,-6.01743383
54.55619921,-6.01739585
54.55693322,-6.05234982
54.50295317,-6.02922885
54.55676406,-6.05172539
54.55690896,-6.05185514
54.55693654,-6.05205716
54.55703218,-6.05175833
54.55682035,-6.05171874
54.55687144,-6.05202025
54.55688114,-6.05210136
54.55672759,-6.05200129
54.55680506,-6.05216333
54.55684047,-6.05210071
54.55662573,-6.0519496
54.5568634,-6.05181766
54.55682082,-6.05212142
54.55669327,-6.05201641
54.55683072,-6.05226014
54.55668884,-6.0518212
54.55689856,-6.05180793
54.55701143,-6.05189764
54.55701456,-6.05194597
54.55693297,-6.05217766
54.55696855,-6.05189343
54.55686024,-6.05218963
54.55689693,-6.05199925
54.55686298,-6.05185244
54.55698162,-6.05207634
54.55691728,-6.05185404
54.55685487,-6.05190474
54.55696814,-6.05174017
54.55685258,-6.05205227
54.55686771,-6.05198387
54.55687542,-6.05203098
55.89455147,-3.04025781
55.8944439,-3.04018007
54.61665154,-5.89223957
54.61665154,-5.89223957
54.61665154,-5.89223957
54.61665154,-5.89223957
54.61665154,-5.89223957
54.61665154,-5.89223957
54.61665154,-5.89223957
54.61665154,-5.89223957
54.61665154,-5.89223957
54.61665154,-5.89223957
54.61665154,-5.89223957
54.61665154,-5.89223957
54.61665154,-5.89223957
54.64640713,-5.91668797
54.64621353,-5.9162302
54.61375713,-5.87922668
54.65192699,-5.9266386
54.64956665,-5.92750168
54.64956665,-5.92750168
54.651927,-5.926639
54.64956665,-5.92750168
54.65192699,-5.9266386
54.64956665,-5.92750168
54.648692,-5.926085
54.64869213,-5.92608547
54.649567,-5.927502
54.66059268,-5.94065309
54.658456,-5.929431
54.64869213,-5.92608547
54.64869213,-5.92608547
54.65845585,-5.92943096
54.64869213,-5.92608547
54.64869213,-5.92608547
54.64869213,-5.92608547
54.66046929,-5.94019711
54.66046929,-5.94019711
54.64620781,-5.92826653
54.64869213,-5.92608547
54.64869213,-5.92608547
54.64620781,-5.92826653
54.64620781,-5.92826653
54.65845585,-5.92943096
54.64869213,-5.92608547
54.64869213,-5.92608547
54.64869213,-5.92608547
54.55503667,-6.03189073
54.55495512,-6.03196808
54.55500794,-6.03186403
54.55490851,-6.03201299
54.55502356,-6.03188822
38.00216683,-0.69518387
54.57498082,-5.91724707
54.59943204,-5.94228585
43.3807041,-84.6729166
43.3806959,-84.6728758
54.5779974,-6.0268729
54.5816067,-5.9691513
54.5857165,-5.9867039
54.5857364,-5.9867053
54.5745927,-5.9783088
54.57793,-6.0269183
54.5857146,-5.9868077
54.5856976,-5.9868002
54.5857288,-5.9867981
54.5778405,-6.0271302
54.5857078,-5.9866572
54.5857221,-5.9866963
54.5776933,-6.0272792
54.5778839,-6.0271695
54.5778768,-6.0268814
54.6035684,-5.9298297
54.6288626,-5.9422975
54.6289078,-5.9422727
54.6288554,-5.942338
54.6288532,-5.9423347
54.6288584,-5.9423187
54.6288318,-5.9423274
54.628828,-5.9422968
54.6288148,-5.9423435
54.61681675,-5.95928495
54.6184894,-5.9617332
54.61689675,-5.9592815
54.61687627,-5.959397
54.61677686,-5.95938252
54.6100757,-5.9323402
54.60955055,-5.9340223
54.6167992,-5.95940643
54.6095589,-5.9341624
54.6197053,-5.9645442
54.6185487,-5.9618624
54.6185487,-5.9618624
54.61178183,-5.93595447
54.6166321,-5.95905555
54.6169276,-5.93819285
54.6168983,-5.95942705
54.6185067,-5.9619351
54.6178741,-5.9525795
54.6167525,-5.9591333
54.6185148,-5.9619431
54.6185148,-5.9619431
54.6184667,-5.9719256
54.6031331,-5.9296519
54.6161997,-5.9338574
54.6095546,-5.9340208
54.5866306,-5.8063917
54.61681535,-5.9593917
54.6167913,-5.9591285
54.61665545,-5.95918273
54.6167913,-5.9591285
54.6167913,-5.9591285
54.61681535,-5.9593917
54.61664355,-5.95896385
54.6167913,-5.9591285
54.6165906,-5.9590457
55.13456157,-7.45334187
55.13456157,-7.45334187
54.9731515,-7.7595177
55.1225157,-7.4614541
55.12587815,-7.4569772
55.12587815,-7.4569772
54.61669027,-5.95935217
54.6179537,-5.9608684
54.61660675,-5.95920825
54.6165682,-5.95910217
54.61658695,-5.95898855
54.61660675,-5.95920825
54.6179537,-5.9608684
54.61660675,-5.95920825
54.61676195,-5.95941235
54.6095603,-5.9341448
54.6167082,-5.95924303
54.618668,-5.962295
54.6494121,-5.6864687
54.616682,-5.9590826
54.618668,-5.962295
54.618668,-5.962295
54.616682,-5.9590826
54.616682,-5.9590826
54.616682,-5.9590826
54.61660505,-5.95920215
54.6179574,-5.9609841
54.6166755,-5.9590192
54.6265974,-5.9375468
54.61662393,-5.95919408
54.6186162,-5.9544529
54.6166755,-5.9590192
54.6186878,-5.9623491
54.6165969,-5.95908915
54.61656933,-5.9591577
54.6165969,-5.95908915
54.60142411,-5.96310567
54.6013198,-5.96297804
54.60131083,-5.96296512
54.6007608,-5.96400531
54.60088919,-5.96381931
54.60083164,-5.96394254
54.60130767,-5.96296633
54.60066739,-5.9640791
54.60070146,-5.96406238
54.60142195,-5.96309786
54.60142195,-5.96309786
54.60132483,-5.96301388
54.60149788,-5.96310626
54.60120767,-5.96316047
54.60148251,-5.96298342
54.60079094,-5.96383828
54.60149414,-5.96310605
54.60149405,-5.9631059
54.60129444,-5.96301322
54.60135866,-5.96307201
54.60131022,-5.96300296
54.60148468,-5.96300459
54.60150075,-5.96310448
54.60136141,-5.96273628
54.60144225,-5.96293777
54.6014395,-5.96295932
54.60148299,-5.96298685
54.60144078,-5.96294433
54.60142127,-5.9630975
54.60155607,-5.96320491
54.60154586,-5.96313292
54.60064537,-5.96408236
54.57789297,-5.70135581
54.57795025,-5.70120643
54.5820121,-5.7041603
54.58193702,-5.70402911
54.57779657,-5.7017121
54.57774283,-5.7017424
54.57783421,-5.70151718
54.57776518,-5.7017701
54.57793373,-5.70167429
54.57783817,-5.70181517
54.57783949,-5.70174135
54.5778223,-5.70139065
54.57779003,-5.70157162
54.57778861,-5.701566
54.57775571,-5.701652
54.57778105,-5.70174736
54.57780713,-5.70150088
54.57779956,-5.70156382
54.57797447,-5.70126781
54.57789957,-5.70125417
54.5778995,-5.70172392
54.59279327,-5.71032341
54.57784164,-5.70158396
54.57804772,-5.70119379
54.64663819,-5.63863375
54.59251044,-5.71060008
54.57799688,-5.70155051
54.57795771,-5.70129298
54.57797048,-5.70128679
54.59452953,-5.96821236
54.59454737,-5.96346473
54.59451582,-5.96802935
54.5932272,-5.9482077
54.5940661,-5.9484905
54.5940468,-5.9484665
54.5940464,-5.948467
54.64007058,-5.92856655
54.64006243,-5.92856461
54.64000811,-5.92856546
54.6400475,-5.92862288
54.63991691,-5.92844605
54.64005379,-5.92856743
54.63989458,-5.92841407
54.63989205,-5.92845449
54.63996612,-5.92847235
54.640033,-5.92870242
54.64004668,-5.92849444
54.64007701,-5.92888423
54.64006054,-5.9285313
54.64132367,-5.93870791
54.64127406,-5.93869429
54.625576,-5.95830519
54.64140539,-5.93911009
54.64089354,-5.93812078
54.64086804,-5.93797291
54.66815978,-5.95224566
54.5919357,-5.93294626
54.64123798,-5.93893506
54.64773597,-5.93471493
54.65517101,-5.92136163
54.64112997,-5.9389036
54.60619396,-5.90901413
54.64120184,-5.93882345
54.64121476,-5.9386044
54.64113163,-5.93937528
54.6412573,-5.9389976
54.64112023,-5.9388394
54.64121036,-5.93897145
54.64122951,-5.93867199
54.6413485,-5.93865668
54.64126049,-5.93889959
54.64126049,-5.93889959
54.60977265,-5.92193795
54.64122855,-5.93911626
54.64129767,-5.93873263
54.64118844,-5.93892848
54.64111959,-5.93892734
54.64128464,-5.9388941
54.64128862,-5.93876057
54.60511219,-5.91071252
54.60622151,-5.90881804
54.64126152,-5.93879556
54.64142341,-5.93915397
54.64128137,-5.93889602
54.64142249,-5.93911018
54.64124111,-5.93881146
54.6391245,-5.90734515
54.63304151,-5.90868806
54.6681979,-5.98129154
54.5733335,-5.97764838
53.28719355,-9.05041611
54.56754943,-5.94903178
54.56750745,-5.94892837
54.56754014,-5.9490602
54.5674388,-5.94910866
54.56742573,-5.94914883
54.57170317,-5.96104013
54.56735046,-5.94894094
54.56748436,-5.94912944
54.56750866,-5.94898917
37.03004722,-8.02176951
54.56736792,-5.94914111
54.56747852,-5.94903983
54.56738547,-5.94919951
54.56715005,-5.9493214
54.56748609,-5.94906624
54.56846992,-5.96212776
54.56739076,-5.94911838
53.28371454,-9.05422711
54.56748756,-5.94907817
54.5673904,-5.94918635
53.28396717,-9.05390444
53.28392247,-9.05395361
53.28398555,-9.05365424
53.27894968,-9.05860424
53.28405208,-9.05390734
53.28415712,-9.06525912
53.28395216,-9.05408183
53.28396557,-9.05409225
53.28392996,-9.05409283
54.56750276,-5.94911338
54.57178835,-5.96068617
53.27907887,-9.06038945
53.28396727,-9.0538423
53.28395995,-9.05406934
53.28400996,-9.0536962
54.5675166,-5.94907598
